id,Domain,Status,Attractiveness,Demand,Length,Registrar,Created,Expires
30c9dc4e-03ee-454f-aeaf-f5c854bd8997,insurance.app,expired,76,96,9,Namecamp Limited,02/05/2018 16:00,02/05/2025 16:00
087b2a89-ada7-4348-b9c8-dce618374dcb,insurance.at,resell,76,96,9,Webagentur.at Internet Services GmbH ( https://nic.at/registrar/25 ),,
1edb4811-2415-4e3a-a3d1-e77974aad792,insurance.cloud,premium,76,96,9,,,
e4c23b5f-8411-43b4-9a37-9521a1b8d79c,insurance.dev,premium,76,96,9,,,
b8a7fdd4-ba26-4f44-82c2-51f657d8aa9e,insurance.expert,premium,76,96,9,,,
96955e13-c134-44e5-bbe2-339b0be0dabc,insurance.online,resell,76,96,9,Dotserve Inc,02/04/2019 13:57,02/04/2029 23:59
5286d341-476f-4fa5-ac12-32829fb4861e,insurance.site,premium,76,96,9,,,
7bc57694-47d6-436e-912f-ee47653a9945,insurance.space,premium,76,96,9,,,
95be00f5-11d9-4b0c-ab6b-ab9e7e86dbc2,insurance.store,resell,76,96,9,Dotserve Inc,02/04/2019 14:09,02/04/2029 23:59
15a550cc-cd68-494f-9696-fac7dcae4fd0,insurance.tech,resell,76,96,9,Dotserve Inc,02/04/2019 14:11,02/04/2029 23:59
a7291665-6f65-4596-b533-9ca6408ba08c,insurance.xyz,premium,76,96,9,,,
83c0cb92-edc4-4384-be1e-fbb36f74402f,lifeinsurance.ai,resell,58,88,14,Hyper Limited,16/12/2017 04:00,06/02/2027 04:00
40464736-3d4f-46f4-a8c1-a75d8cea0d82,lifeinsurance.co,resell,58,88,14,Hello Internet Corp.,24/02/2010 23:19,23/02/2026 23:59
2dd813c5-d129-4db4-aac9-8100bb7d9bc2,lifeinsurance.io,resell,58,88,14,Dynadot10 LLC,24/07/2019 10:11,24/07/2026 10:11
b7da4ada-6e9f-4585-a261-80da0b850337,lifeinsurance.online,premium,58,88,14,,,
86ea5bca-9d69-4c3d-9c3d-fe20fb67c4aa,lifeinsurance.pro,resell,58,88,14,"Name.com, Inc.",26/11/2013 01:44,26/11/2025 01:44
6917c3f1-d545-4b8e-b58e-cafe63a5e708,lifeinsurance.site,premium,58,88,14,,,
cad2cccd-6c39-4ff2-980a-b30f29bf1051,lifeinsurance.space,premium,58,88,14,,,
10854b12-31d6-4c65-b6e3-08c2b57be5dc,lifeinsurance.store,premium,58,88,14,,,
c41fcd69-e95c-45fb-a594-974a49c91d00,lifeinsurance.tech,premium,58,88,14,,,
75fbb25d-465b-4912-b3b9-2fce8d4e8718,lifeinsurance.us,resell,58,88,14,"GoDaddy.com, LLC",24/04/2002 14:01,23/04/2026 23:59
c533fdb8-85de-41c0-bfac-e010d550763a,lifeinsurance.xyz,premium,58,88,14,,,
3fd4a64b-b88e-4e0b-9e82-5046730b262b,indemnity.at,available,53,76,9,,,
44be728f-7a5a-4389-8d0f-b16aac588bcb,indemnity.dev,available,53,76,9,,,
346711cb-900a-4537-9df8-883bf6d83be7,indemnity.expert,expiring,53,76,9,"GoDaddy.com, LLC",09/07/2019 14:08,09/07/2025 14:08
03a2f7cf-b150-4ecf-96cc-7d05c407a206,indemnity.gg,available,53,76,9,,,
78e4c443-e6dd-4e08-bac0-e328765a3312,indemnity.io,resell,53,76,9,"GoDaddy.com, LLC",24/11/2023 22:15,24/11/2025 22:15
d729e212-6d5d-4a3a-aba0-fb32bb5dc2ce,indemnity.it,resell,53,76,9,,30/11/2010 12:39,02/12/2025 00:00
2ca51511-5ad0-4d65-ae11-4f86d04db997,indemnity.me,resell,53,76,9,Dynadot Inc,11/12/2015 06:22,11/12/2025 06:22
35eb6ce3-a704-494c-a95c-3ee9acb74226,indemnity.ninja,available,53,76,9,,,
0cc77f1a-c850-4cb2-b772-2de76794a694,indemnity.online,expired,53,76,9,Communigal Communications Ltd,28/04/2024 23:47,28/04/2025 23:59
b03d3377-3321-4c3d-9453-a4f8a09a517d,indemnity.org,resell,53,76,9,PDR Ltd. d/b/a PublicDomainRegistry.com,24/03/2002 20:43,24/03/2026 20:43
88d023df-8626-4020-b471-34d72243d85f,indemnity.pro,expiring,53,76,9,"NameCheap, Inc.",10/07/2023 12:06,10/07/2025 12:06
a2b7e2e0-071e-4ea6-9f63-db094a1974f7,indemnity.so,available,53,76,9,,,
d4f27bb2-874c-4c8f-ba54-382184c42393,indemnity.space,premium,53,76,9,,,
77fd73dc-a37e-48b7-a965-c7db404aed22,indemnity.store,premium,53,76,9,,,
9cda31d9-6824-4ad0-8a46-223500c4a0f1,indemnity.tech,premium,53,76,9,,,
ab17e2b0-ab13-4368-8cd9-03ccc7037d4b,indemnity.zone,available,53,76,9,,,
b24c9096-c323-402f-b32b-a4aa8a2ef2cf,insurancepolicy.ai,resell,58,80,16,"GoDaddy.com, LLC",03/10/2021 16:13,03/10/2025 16:13
6489f08a-e5f2-40bd-ab9a-b9f532f37748,insurancepolicy.app,expiring,58,80,16,Dynadot LLC.,31/07/2019 04:46,31/07/2025 04:46
de46b610-78d3-4f56-8b64-55fdb24dde47,insurancepolicy.at,available,58,80,16,,,
59d5416f-6a20-4c37-a41b-a465677fff31,insurancepolicy.co,expiring,58,80,16,"GoDaddy.com, LLC",20/07/2010 18:02,19/07/2025 23:59
5efcd262-3e9d-4b60-bfd9-051dfdbf2c3b,insurancepolicy.com,resell,58,80,16,"Register.com, Inc.",16/04/1999 04:00,16/04/2026 04:00
a049ca62-bb7c-447b-954f-1f7bde21f7fa,insurancepolicy.dev,available,58,80,16,,,
c88c1091-90db-435d-b343-9cbc0cab29c6,insurancepolicy.expert,available,58,80,16,,,
812323a3-2451-4d57-b021-616f31135a17,insurancepolicy.gg,available,58,80,16,,,
0196433d-217b-4164-b7eb-1ecc80bc17de,insurancepolicy.me,available,58,80,16,,,
64fcc88f-8bec-49a5-97f3-4f14a345d756,insurancepolicy.ninja,available,58,80,16,,,
ea1164c9-e1cd-483f-9ad3-3327f2636edb,insurancepolicy.online,expired,58,80,16,"Go Daddy, LLC",21/04/2024 02:01,21/04/2025 23:59
ef02d958-64f1-4f29-b8c4-83589beeb596,insurancepolicy.site,resell,58,80,16,"GMO Internet Group, Inc. d/b/a Onamae.com	",25/03/2025 05:42,25/03/2026 23:59
fa72c8ca-bcdd-4b9c-a233-3365c1d58592,insurancepolicy.so,available,58,80,16,,,
c5c233d5-db39-4085-a704-31d2efb5e635,insurancepolicy.space,premium,58,80,16,,,
c8aa8b3a-373e-4e86-8c4b-afebeffd65da,insurancepolicy.tech,premium,58,80,16,,,
953d42f5-f08a-4803-9449-71be6126105d,insurancepolicy.zone,available,58,80,16,,,
83996728-472a-4ab6-974c-4ab57390669c,insuranceplan.app,available,38,24,14,,,
dcbc51e2-4858-4c4f-af88-b1feaa36282c,insuranceplan.at,available,38,24,14,,,
bda7f16d-3755-4f43-83b8-0b1a8b79f1d3,insuranceplan.cloud,available,38,24,14,,,
c54ddf27-6e6e-43f3-b195-3bbe3fad9767,insuranceplan.co,expiring,38,24,14,"GoDaddy.com, LLC",21/07/2010 20:33,20/07/2025 23:59
c5134020-9266-4602-9921-7233d14451bc,insuranceplan.dev,available,38,24,14,,,
e4caa3e9-fa17-451a-bac0-3a7d0d875ead,insuranceplan.expert,available,38,24,14,,,
4d14571d-63e9-499d-8c5f-edaa4674786e,insuranceplan.gg,available,38,24,14,,,
8e0cc2de-88c0-4fe4-81be-18b2e8f50513,insuranceplan.io,available,38,24,14,,,
f6cd8b0b-d7d1-476a-acf8-6408061dd7b0,insuranceplan.it,resell,38,24,14,,11/01/2010 22:24,29/01/2026 00:00
14e6e9db-5804-4de7-b662-265f2c76e3fa,insuranceplan.me,available,38,24,14,,,
08ab2c78-2ae6-460f-b3b9-d4ce5f4201c7,insuranceplan.net,expiring,38,24,14,"NameCheap, Inc.",27/07/2008 19:08,27/07/2025 19:08
344a928a-4057-4b1e-aeeb-6a29e6b3f6fb,insuranceplan.ninja,available,38,24,14,,,
6df10e15-7225-4ce9-a922-e5fd8c9a77b2,insuranceplan.online,expired,38,24,14,"HOSTINGER operations, UAB",13/05/2024 12:03,13/05/2025 23:59
8b1d0762-2536-486b-8c73-415387af26fa,insuranceplan.so,available,38,24,14,,,
21fb8b01-1727-484a-81f9-04ee70eee508,insuranceplan.space,available,38,24,14,,,
cb85f7ba-c7c5-4d61-8040-f9c5eed544ff,insuranceplan.store,available,38,24,14,,,
303eb20a-2616-4c75-ba3a-c48e3f413de9,insuranceplan.tech,available,38,24,14,,,
96bf8277-4119-4a25-989a-7570ddf399c9,insuranceplan.xyz,resell,38,24,14,TLD Registrar Solutions Ltd,22/10/2014 01:34,22/10/2029 23:59
86aca691-43e7-4200-979d-8b15c4f0d2a5,insuranceplan.zone,available,38,24,14,,,
225fe310-feb6-4d96-aeb9-c11c457050ad,carinsurance.app,premium,60,76,13,,,
20546123-842a-4c33-a18a-9eb5f63f0381,carinsurance.at,resell,60,76,13,Hosting concepts B.V. / Registrar.eu ( https://nic.at/registrar/648 ),,
f6d7414f-15eb-41a9-a23a-8fca81c070c2,carinsurance.dev,premium,60,76,13,,,
6e43c12e-86af-440c-a960-8c5c8f978de3,carinsurance.expert,premium,60,76,13,,,
c17822f4-ee77-4969-94cc-d8af13cea3ce,carinsurance.gg,resell,60,76,13,1API (http://www.1api.net),,
a34868ce-28ee-4f0c-84f6-e02e296a45b9,carinsurance.it,resell,60,76,13,,02/06/2019 16:00,18/06/2026 00:00
2226ea80-fb14-497c-87b5-ade4f36ad308,carinsurance.me,resell,60,76,13,Dynadot Inc,29/04/2008 17:59,29/04/2026 17:59
bf744ec7-f367-4339-8d5a-02caa0bcb387,carinsurance.online,premium,60,76,13,,,
228bbe5c-0999-4fd5-96c8-d62cc57e651b,carinsurance.pro,resell,60,76,13,Epik LLC,14/11/2010 06:30,14/11/2025 00:00
c165bb14-60d8-470e-bea3-daffddbb9660,carinsurance.site,premium,60,76,13,,,
18dd24e0-95fb-4a4c-a4ca-3a2655242684,carinsurance.so,expired,60,76,13,Karraban,08/08/2015 00:00,08/08/2019 00:00
5b29cb21-517b-4c3f-ac57-ddf6bbcca6de,carinsurance.space,premium,60,76,13,,,
a63a54c1-8fdd-43e7-83d7-0064bb069347,carinsurance.store,premium,60,76,13,,,
a6d70932-0746-46d6-989b-9b7f33c77b47,carinsurance.tech,premium,60,76,13,,,
f71a7baa-a43f-48a5-ab4a-55181b5a2315,carinsurance.us,resell,60,76,13,"GoDaddy.com, LLC",10/04/2012 18:01,09/04/2026 23:59
27af4aad-e266-46ba-8acf-98cf590f210f,carinsurance.zone,resell,60,76,13,"Sav.com, LLC",18/07/2022 18:14,18/07/2026 18:14
64002f39-fcdd-457c-aa9b-c2d29b6378aa,dentalinsurance.app,expiring,36,40,16,1API GmbH,24/07/2019 09:25,24/07/2025 09:25
abb0db63-8243-48cc-9275-c5b57e1c1af0,dentalinsurance.at,available,36,40,16,,,
23683c9d-5f4d-414f-953b-75fc9a2c25c0,dentalinsurance.cloud,available,36,40,16,,,
d54d2662-0832-4f46-a1f1-b12e5108c425,dentalinsurance.co,resell,36,40,16,"GoDaddy.com, LLC",16/11/2013 23:40,15/11/2025 23:59
94297361-c61d-43a5-86c7-575f08d4f1c6,dentalinsurance.dev,available,36,40,16,,,
900f55d3-9039-4cb9-b261-9a54fbd6cad0,dentalinsurance.expert,available,36,40,16,,,
1d388d31-0d00-4943-afce-b6e3835b392e,dentalinsurance.gg,available,36,40,16,,,
3b634205-a91a-41a3-8b46-6df9b100a04e,dentalinsurance.io,resell,36,40,16,Dynadot Inc,26/04/2018 07:02,26/04/2026 07:02
981c6fab-4967-419d-9da4-de2781d2731c,dentalinsurance.me,expiring,36,40,16,"GoDaddy.com, LLC",17/07/2008 20:01,17/07/2025 20:01
aba26c1f-6d6f-4ad5-aee8-3dc0ad0daa16,dentalinsurance.net,resell,36,40,16,"GoDaddy Corporate Domains, LLC",31/10/2000 12:47,31/10/2025 11:47
dac90323-3fe7-48c7-ab0d-d9afa2992b98,dentalinsurance.ninja,available,36,40,16,,,
c57e982d-5e79-4c64-a35a-4b07cc737ad1,dentalinsurance.so,available,36,40,16,,,
2fdf2958-fdf2-47f6-9817-82f78f8bb783,dentalinsurance.space,available,36,40,16,,,
928a85d2-6cbf-41b3-aa31-fb7068317a3d,dentalinsurance.tech,available,36,40,16,,,
0459055c-f07c-4ccb-996f-56304fcc7800,dentalinsurance.zone,available,36,40,16,,,
3c7df432-d098-4f16-8bd0-331ad70c638b,liabilityinsurance.app,premium,54,24,19,,,
dd4017df-d61f-4a62-ae90-fa0da9f699d8,liabilityinsurance.at,available,54,24,19,,,
1cd70b9b-db96-48da-8812-ec62696257a9,liabilityinsurance.cloud,available,54,24,19,,,
714567c8-5738-4677-9910-2dc048f3039d,liabilityinsurance.dev,available,54,24,19,,,
edc96845-49e7-478b-ae69-6545c7bd9841,liabilityinsurance.expert,available,54,24,19,,,
9bde2634-7764-4168-8a94-330a7b7631e2,liabilityinsurance.gg,available,54,24,19,,,
82eb92af-7756-4b11-96a0-1957ff5886cb,liabilityinsurance.io,expired,54,24,19,"Sav.com, LLC",01/05/2024 05:45,01/05/2025 05:45
26adfdb6-477c-43fe-8777-8b30a6233185,liabilityinsurance.it,resell,54,24,19,,01/03/2010 16:58,08/03/2026 00:00
651ff8c3-d831-42e6-a7ee-c615e26af529,liabilityinsurance.me,available,54,24,19,,,
eb2d4d8d-60bd-4682-9c1c-b073b9589815,liabilityinsurance.ninja,available,54,24,19,,,
c2732ff1-66d3-4bfb-a8d8-356fd813cbff,liabilityinsurance.online,premium,54,24,19,,,
14eeb791-d262-4ca8-8a42-4a7d3416858b,liabilityinsurance.pro,available,54,24,19,,,
fde62854-559e-46ce-bcc4-9bdb3763c041,liabilityinsurance.site,available,54,24,19,,,
e58f954c-fa97-4242-b365-1b72ac8b084b,liabilityinsurance.so,available,54,24,19,,,
ac6a7942-b5d2-468d-8a2e-aa1fe509db41,liabilityinsurance.space,available,54,24,19,,,
4d205858-8e5e-4e69-ab46-c5a2d46f73da,liabilityinsurance.store,available,54,24,19,,,
ba5e8717-3b0a-45ee-9d2d-d28eb9dbf571,liabilityinsurance.tech,available,54,24,19,,,
25319641-98b2-4cfe-8d85-e2ea023790ae,liabilityinsurance.us,resell,54,24,19,InternetX GmbH,28/11/2004 15:03,27/11/2025 23:59
c41001c2-8d44-4d36-8dee-ebb5866a87ca,liabilityinsurance.zone,available,54,24,19,,,
c3dfb8bf-f14e-4ea6-a9da-be539e24a52b,life.ac,resell,84,37,4,"Sav.com, LLC",25/01/2025 17:19,25/01/2026 17:19
0df6de11-7ae4-401f-8299-5e3c241dc8bd,life.accountant,premium,84,37,4,,,
6dc68c0c-3f3e-4ef8-b39f-7695a1bf3be8,life.accountants,premium,84,37,4,,,
b68e4b70-3ba3-463d-ab35-ff8a2636a2ee,life.adult,premium,84,37,4,,,
fb416e85-e9ea-4300-8524-e062ee82d0e9,life.ag,sold,84,37,4,Dynadot Inc,13/07/2024 16:04,13/07/2026 16:04
3175ee1f-46c2-4899-963a-e709d713444f,life.agency,available,84,37,4,,,
28e1b457-759e-4043-b97d-e0a1e63edb77,life.airforce,available,84,37,4,,,
131ec6d7-ac8b-49e6-8a47-ee8dee0555dd,life.app,sold,84,37,4,Namecheap Inc.,19/07/2019 01:42,19/07/2026 01:42
fe4b1fe3-ec07-4ede-bbef-feaf873c3716,life.army,premium,84,37,4,,,
c2e58ab1-657f-4b63-95ce-1e3715cde727,life.art,premium,84,37,4,,,
cfbaef6d-a732-4ac0-9d3a-e01c35060062,life.associates,premium,84,37,4,,,
37f4f5ea-5dee-4209-b8cf-e267b46c07d2,life.at,available,84,37,4,,,
ce3888ad-939c-417f-add7-0efa75e96a43,life.attorney,premium,84,37,4,,,
fa81691a-ab64-4d0e-9995-2d72385303ab,life.auction,premium,84,37,4,,,
1c339239-a82f-450d-88ac-1a5520b0853c,life.audio,sold,84,37,4,Key-Systems LLC,22/10/2025 01:20,22/10/2026 23:59
ab4a3499-8c95-48a2-a799-1c1cfbb47204,life.auto,available,84,37,4,,,
522ba8f2-3a59-4c70-a867-2d1cea30ff23,life.autos,premium,84,37,4,,,
ae5bc4ec-aec6-459a-9083-60a8ffc15c33,life.baby,resell,84,37,4,"Sav.com, LLC - 50",13/11/2022 23:54,13/11/2025 23:59
be49ba5b-c875-4f7d-903d-3ae55ef2a108,life.band,premium,84,37,4,,,
75884f99-945b-4096-95e2-b686b743364c,life.bar,premium,84,37,4,,,
a199e31e-5556-4fca-8548-3dec9ceb90c1,life.bargains,premium,84,37,4,,,
7094a2e0-8fd7-43f8-aad2-d761b103a866,life.bayern,premium,84,37,4,,,
8c66f495-e4d7-4c84-8c91-043a0ac0105f,life.beauty,available,84,37,4,,,
3a86bdbe-cbf2-4aff-a5db-e550ba8439cb,life.beer,premium,84,37,4,,,
470588fb-0621-404d-9546-17b46a1bbd24,life.berlin,premium,84,37,4,,,
74a523c6-4d98-487e-9ca1-bafe3be17af1,life.best,expiring,84,37,4,THE BEST SAS,25/12/2023 00:18,25/12/2025 23:59
533a5630-c7e2-4a69-a981-ad1004dc4431,life.bid,premium,84,37,4,,,
930d2c67-f7c4-4e99-aa7b-8c6e2d424a92,life.black,resell,84,37,4,"Xiamen ChinaSource Internet Service Co., Ltd",07/05/2025 15:15,07/05/2026 15:15
8f76006e-bbcc-4d9a-a295-65ee7df62b42,life.blackfriday,available,84,37,4,,,
8cea339a-ff4b-4045-a756-54e53be97d2f,life.blog,available,84,37,4,,,
333cc081-b0d6-4cf2-a49f-1599936b0c68,life.blue,resell,84,37,4,Squarespace Domains II LLC,05/09/2019 10:12,05/09/2028 10:12
65cf043e-a1ae-4acb-90c9-4b6da919f87d,life.boats,premium,84,37,4,,,
e6c38094-dee2-4b89-adf3-9c7410c39922,life.bond,resell,84,37,4,Dynadot LLC,15/11/2020 15:33,15/11/2033 23:59
4a0e27cf-53ec-44bd-8546-64f51f6e76b7,life.boo,premium,84,37,4,,,
c7d4d4b2-2df9-48d4-8414-74be39a5d4de,life.boston,expired,84,37,4,"GoDaddy.com, LLC",10/10/2017 16:00,10/10/2025 16:00
d916cc5e-9427-452f-9246-afec0f29714c,life.bot,available,84,37,4,,,
a1af89d3-46ea-45e5-a92e-75571bb0de76,life.boutique,resell,84,37,4,"Global Domains International, Inc. DBA DomainCostClub.com",07/03/2025 15:15,07/03/2026 15:15
eade87b4-8a8c-4fb1-a30a-473b1a04806a,life.business,expiring,84,37,4,Dynadot Inc,29/12/2019 02:45,29/12/2025 02:45
0c53d220-bf3b-4bd2-b6ae-13adf1320eb5,life.buzz,expired,84,37,4,Dot Strategy Co,15/08/2017 14:25,15/08/2025 14:25
5beee2ba-b8e6-48e2-9223-a0fbd8b75420,life.bz,premium,84,37,4,,,
103de2c4-c27c-4638-b758-1fa83ee20d09,life.cab,resell,84,37,4,Alibaba Cloud Computing Ltd. d/b/a HiChina (www.net.cn),06/07/2023 15:15,06/07/2026 15:15
7665bcf4-0401-46a5-a1dd-878b284cb433,life.cafe,resell,84,37,4,"Chengdu West Dimension Digital Technology Co., Ltd.",29/09/2023 15:15,29/09/2026 15:15
453c89ca-cad9-4746-b525-88bbd05bc66f,life.camera,sold,84,37,4,Dynadot Inc,17/06/2015 16:00,17/06/2026 16:00
0940d8a8-4350-42df-8e1e-983f0ddcab69,life.car,available,84,37,4,,,
f2ba0044-248f-4a6c-b396-2ee23cd75fe2,life.cards,sold,84,37,4,"GoDaddy.com, LLC",26/02/2020 06:17,26/02/2026 06:17
edfa20b9-d2ac-4a69-9baa-f2cae8cb170d,life.care,available,84,37,4,,,
672b9023-4c85-4906-b13c-9ebc50618e10,life.careers,premium,84,37,4,,,
09efb2a1-107d-4270-90ec-7bfef46d9dc0,life.cars,available,84,37,4,,,
db923765-c84c-420e-a4ab-ba5058d9c6d1,life.casa,resell,84,37,4,"Spaceship, Inc.",27/02/2023 00:01,27/02/2026 00:01
580bb417-4853-4067-966d-7038cdd8007c,life.casino,resell,84,37,4,"Global Domains International, Inc. DBA DomainCostClub.com",17/02/2025 15:15,17/02/2026 15:15
4a45ee9c-cc2e-4d33-9653-07233ef89435,life.catering,premium,84,37,4,,,
0cf36f92-ffd9-4eae-b62c-de6dea4b9dd4,life.cfd,resell,84,37,4,Dynadot LLC,22/04/2021 22:03,22/04/2026 23:59
a2baf5d8-ce50-44e6-a1f4-a66c4cdbb943,life.charity,premium,84,37,4,,,
b13fbdc1-80b4-4c6f-b29c-e93ee9799946,life.chat,resell,84,37,4,Dynadot Inc,06/09/2023 18:33,06/09/2028 18:33
122e2685-e68b-4aa1-8c69-d066806e1239,life.cheap,resell,84,37,4,Porkbun LLC,29/03/2022 13:15,29/03/2026 13:15
4cec10d8-cf1e-41d8-92c7-e9ede0238e78,life.christmas,sold,84,37,4,"Spaceship, Inc.",25/11/2022 20:10,25/11/2026 23:59
2e1aa79c-aacc-45e6-9e7e-c7f78b2cd117,life.city,expiring,84,37,4,"Key-Systems, LLC",06/12/2017 23:45,06/12/2025 23:45
4c711a4e-915e-4912-89e6-a38935ffbb92,life.cleaning,premium,84,37,4,,,
0fab00bc-96e7-4715-9f88-1ca7e4173ca4,life.click,resell,84,37,4,"Dynadot, LLC",25/11/2014 16:00,25/11/2026 16:00
8460c230-43cf-488c-975b-8a1d63cf585f,life.cloud,premium,84,37,4,,,
294cb0de-d1ca-4585-bb82-b25ca445709d,life.coffee,resell,84,37,4,Porkbun LLC,25/08/2024 15:15,25/08/2026 15:15
22798102-c10e-479f-aeb3-776c0ef4da6f,life.computer,resell,84,37,4,"NameCheap, Inc.",20/05/2023 04:32,20/05/2026 04:32
3ca5b56e-da54-4b85-9711-3d8e4637bb5f,life.construction,expiring,84,37,4,Porkbun LLC,22/12/2020 11:17,22/12/2025 11:17
ef25418e-fc2b-4483-8096-2446cfc1a387,life.consulting,premium,84,37,4,,,
a7ee90c9-a375-4fa6-9700-c8f44847c5c2,life.contact,expiring,84,37,4,Porkbun LLC,09/12/2020 16:02,09/12/2025 16:02
f190b9bf-1e35-41f0-9615-f714811d786a,life.contractors,premium,84,37,4,,,
ae4ed567-7689-47e3-9d79-b3537ce24163,life.cool,sold,84,37,4,Dynadot Inc,16/09/2017 08:03,16/09/2026 08:03
c21b0083-63ff-4093-983d-9cbb948494a4,life.country,premium,84,37,4,,,
e73b9a47-3a14-42f5-bb61-f1b97f975b38,life.coupons,resell,84,37,4,"NameCheap, Inc.",04/03/2020 23:17,04/03/2026 23:17
3ee54140-34da-45b7-afe6-feac45cdc809,life.credit,sold,84,37,4,Dynadot Inc,24/08/2020 12:57,24/08/2026 12:57
c49ad607-e2ca-4630-aa16-a82fd6e21951,life.creditcard,available,84,37,4,,,
4399a650-2fa2-4116-9b84-268880b14dc5,life.cruises,premium,84,37,4,,,
28884409-cfa8-4cd0-8780-c8c4eede23c6,life.cv,premium,84,37,4,,,
cc05e424-012d-424b-bee4-50fcae53fe80,life.cyou,resell,84,37,4,"Xiamen ChinaSource Internet Service Co., Ltd",09/04/2025 00:05,09/04/2026 23:59
6358c7df-e0f1-4771-9857-1eae0b8a64c4,life.dad,premium,84,37,4,,,
65b898d6-3c53-4c88-9fec-3b07d6de05aa,life.dance,resell,84,37,4,"GoDaddy.com, LLC",28/11/2020 14:02,28/11/2030 14:02
39d2298a-1429-43bd-86be-a71336410770,life.date,premium,84,37,4,,,
6a592db5-0e0b-43b2-ad61-16005bfe463d,life.day,premium,84,37,4,,,
2731eb80-c89e-4e19-a076-87b5b1f62333,life.deal,available,84,37,4,,,
4434b2ad-8f13-42ea-9745-5834db186b5e,life.dealer,premium,84,37,4,,,
eceb16b5-9707-4ba7-abd6-e05abdb9164d,life.deals,resell,84,37,4,"Spaceship, Inc.",14/10/2023 15:15,14/10/2026 15:15
e857cf31-e4f5-4009-84f7-969ecd6492ca,life.degree,premium,84,37,4,,,
94d39d9b-1158-4ac8-8342-87afd26017a0,life.democrat,available,84,37,4,,,
243464ec-6733-4dc4-9f7a-c4722900e970,life.dentist,premium,84,37,4,,,
57e29bfa-50da-4067-a695-148d8727da44,life.diamonds,premium,84,37,4,,,
f29e6da0-58d4-479f-a7bc-f72a309de939,life.diet,premium,84,37,4,,,
c29589c8-9001-4954-b706-19f16665c9b0,life.digital,premium,84,37,4,,,
c2bc20f2-7a30-4bc1-aa6e-cabe9889b462,life.direct,resell,84,37,4,Dynadot Inc,06/11/2017 20:16,06/11/2026 20:16
0e891da7-3191-4227-851d-ceb12b29566c,life.directory,expiring,84,37,4,Porkbun LLC,18/12/2018 18:45,18/12/2025 18:45
d39982a5-7cda-44cd-97f1-27a59fe831dd,life.discount,premium,84,37,4,,,
1c6c768f-bea7-4e00-bf4f-c3aa27153e27,life.diy,premium,84,37,4,,,
240e63ad-b8f5-4172-8c12-da5d48c26d23,life.dog,premium,84,37,4,,,
01597ce0-b354-4c38-b964-03036b89edf1,life.download,premium,84,37,4,,,
d8526b0d-930d-44c4-8b52-5e5a01fc2fb8,life.energy,resell,84,37,4,Porkbun LLC,29/04/2021 08:44,29/04/2026 08:44
cf19ad22-5404-4f7c-8dbd-e2326f17279f,life.engineering,sold,84,37,4,"Global Domains International, Inc. DBA DomainCostClub.com",13/10/2025 15:16,13/10/2026 15:16
6535fa11-b8f5-4117-89cb-977ec287ca11,life.enterprises,sold,84,37,4,united-domains GmbH,09/09/2019 18:18,09/09/2026 18:18
139bb001-9452-46c7-8a10-f5ef4fd88ed6,life.equipment,sold,84,37,4,"Spaceship, Inc.",18/04/2020 05:47,18/04/2026 05:47
18a2f04c-3b1c-4720-b08c-75eaec5bda7b,life.esq,premium,84,37,4,,,
adff6cd2-f9af-4a2d-bb1f-d020b9122fcf,life.exposed,premium,84,37,4,,,
77bc52fb-a5ac-4c79-8380-34fc3cee20b2,life.fail,expired,84,37,4,"NameSilo, LLC",13/10/2019 18:05,13/10/2025 18:05
284122a1-a7db-4bd2-908f-793768924061,life.faith,premium,84,37,4,,,
4ab86e25-3350-42b7-86d8-8c71800f37ee,life.fans,premium,84,37,4,,,
5cdc505f-bbe5-4d2d-aef6-efd5856aad97,life.fashion,premium,84,37,4,,,
8583273b-939a-4955-8220-12d5524e2811,life.fast,available,84,37,4,,,
743a7462-6852-461b-8eb0-dcd8af2948e8,life.finance,resell,84,37,4,Porkbun LLC,17/05/2018 08:30,17/05/2026 08:30
ed1026ac-815a-44d7-9fd4-7f160aab8e8a,life.fish,available,84,37,4,,,
0df90769-45d4-4569-8454-cf42e5c1cb9f,life.fishing,premium,84,37,4,,,
fabd79f5-9bb7-44a8-8805-d49d703b4ec9,life.fitness,resell,84,37,4,Unstoppable Domains Inc,24/08/2015 12:46,24/08/2026 12:46
69b1e017-ae66-4bd7-ad7c-73764aed185a,life.flights,premium,84,37,4,,,
cac6d733-8d51-481c-99ee-e7c7cf0e299d,life.florist,available,84,37,4,,,
31fb1fba-b3fd-4c25-bcdf-fd57a90d17e5,life.flowers,available,84,37,4,,,
03de29a9-06bc-48d2-aabc-f4a92de97843,life.fm,resell,84,37,4,Dynadot LLC,22/04/2008 23:59,21/04/2026 23:59
48548707-a2c0-493d-ac77-44539f8eac02,life.foo,premium,84,37,4,,,
9e467f7d-31c3-4fc5-b2ee-c3b9430f32d7,life.food,premium,84,37,4,,,
f082c1b7-f5af-4389-b5d4-6b28419dbb65,life.forsale,premium,84,37,4,,,
fbb91dd8-59f7-4e71-8d1b-fdd60235856d,life.forum,premium,84,37,4,,,
569b7030-0798-41c1-a717-5f5b2478398a,life.free,available,84,37,4,,,
2431e6cc-16d8-4622-bba4-834bb5c1e7fa,life.fund,expiring,84,37,4,"Global Domains International, Inc. DBA DomainCostClub.com",12/12/2015 09:05,12/12/2025 09:05
6ef725b1-9eb1-4315-811d-a1fe37d1e307,life.furniture,available,84,37,4,,,
3995c3bf-f09f-4183-af9c-f46ce1d45a95,life.fyi,resell,84,37,4,"Sav.com, LLC",22/11/2016 03:58,22/11/2026 03:58
0a31552c-0263-47cd-9932-25233dddbace,life.gallery,sold,84,37,4,1API GmbH,27/04/2015 13:10,27/04/2026 13:10
35f076f7-184b-4146-9113-c270c99e16cf,life.games,expiring,84,37,4,"GoDaddy.com, LLC",26/12/2017 07:58,26/12/2025 07:58
ea8bf00b-bf97-4103-ae27-6b74a75dbcc3,life.gay,premium,84,37,4,,,
94b32fa6-68b6-4add-8794-7d3da9b06543,life.gift,premium,84,37,4,,,
724df8bc-c993-4efe-b381-d8552f0ddaef,life.gifts,sold,84,37,4,"Sav.com, LLC - 28",21/04/2023 15:15,21/04/2026 15:15
94227219-d37b-4e44-893e-fea07f3d0c7a,life.gives,premium,84,37,4,,,
c2031dea-ae30-4ebd-9d59-a13eb041eb5c,life.giving,premium,84,37,4,,,
72b7368f-a2d6-43fc-be60-e8049ef59190,life.glass,available,84,37,4,,,
38ba144e-90a6-48ec-b4c1-bc7f33030116,life.global,premium,84,37,4,,,
d3ea68aa-0fae-4825-b747-e6a8377f04b2,life.gmbh,sold,84,37,4,"Key-Systems, LLC",24/09/2021 10:32,24/09/2026 10:32
dc9f2a11-6b03-4dce-a229-5c43f28ffd5a,life.gold,resell,84,37,4,"DNSPod, Inc.",06/12/2018 23:19,06/12/2026 23:19
a7f64247-845e-42ee-8c3e-1dfcbb0ed230,life.golf,resell,84,37,4,Porkbun LLC,01/12/2020 13:34,01/12/2026 13:34
4230340e-b0c0-4ef5-afab-26c01130c253,life.graphics,expired,84,37,4,Squarespace Domains LLC,03/10/2024 09:49,03/10/2025 09:49
14e0a410-535c-46de-8d49-8f21e0cb6d46,life.gratis,premium,84,37,4,,,
585ae40b-c8e4-4700-bd6c-c649519e9a24,life.green,available,84,37,4,,,
6649b655-8557-49c2-be4e-ef6737c36e5b,life.group,sold,84,37,4,Dynadot Inc,05/06/2016 15:05,05/06/2026 15:05
06272a12-8daf-498a-907b-59c1b407ff3f,life.guitars,premium,84,37,4,,,
fb77ff3b-be00-4fc4-b6d8-e49277acb551,life.hair,premium,84,37,4,,,
8ba54acb-eb69-4d8a-a879-8bac7efe9807,life.haus,sold,84,37,4,"Amazon Registrar, Inc.",27/11/2025 16:48,27/11/2026 16:48
f7d0994b-5d8c-4ae2-a323-f99ab1a68aad,life.health,resell,84,37,4,"GoDaddy.com, LLC",07/11/2023 23:28,07/11/2026 23:28
0f57d459-270e-4ec2-a419-8ee4e370b20e,life.healthcare,sold,84,37,4,Dynadot Inc,21/11/2018 09:20,21/11/2026 09:20
d823e274-1dd7-4345-8c59-d7251221bb8c,life.help,premium,84,37,4,,,
087b5590-e0d2-4ef1-8046-f3af05083296,life.hiphop,premium,84,37,4,,,
1ebe50aa-0d6b-4dfb-ac62-a7d34f2407e6,life.hiv,premium,84,37,4,,,
a4863bcc-3ebf-41d1-8b2e-84a5f8a1c07d,life.hockey,sold,84,37,4,"EnCirca, Inc.",22/09/2015 22:58,22/09/2026 22:58
5ccf828c-b4ed-4c8b-a994-fbebb6e53514,life.holdings,resell,84,37,4,Dynadot Inc,06/02/2014 22:13,06/02/2026 22:13
ee124c87-eb29-4ce5-8141-2dbfe22b13fc,life.homes,premium,84,37,4,,,
bb9f796e-69c2-49a0-87b0-0b38ba0cfc93,life.horse,premium,84,37,4,,,
6f14ceea-6d8c-4d91-a1a9-26ad5fbb10a7,life.hospital,resell,84,37,4,Porkbun LLC,11/06/2017 15:40,11/06/2026 15:40
e0cb65ad-04bf-4397-bc78-768362c73a11,life.host,premium,84,37,4,,,
e1025e2c-8655-4970-8228-431ad9535074,life.hosting,premium,84,37,4,,,
4a341cff-1552-4eb0-8419-42cfd7cfbd00,life.hot,premium,84,37,4,,,
039f32d5-f685-4036-a619-3e9af447766b,life.how,premium,84,37,4,,,
d9e0a77f-de8e-40f2-ae21-0595e97e9f6d,life.im,premium,84,37,4,,,
e7b12311-efce-4d2b-bd04-b129828c5009,life.immo,premium,84,37,4,,,
e0a50d64-a131-4e33-b4fc-807c8ac09f2f,life.inc,premium,84,37,4,,,
f88d6a46-983d-499b-8517-385108b3a9ed,life.industries,premium,84,37,4,,,
45ebb2ee-a2b5-4d45-a0ff-59332639e480,life.ing,premium,84,37,4,,,
9a99d3b5-bf99-4e14-b776-1aa8ee8fc4f3,life.ink,premium,84,37,4,,,
8af23c20-ec76-40b1-836a-4fec856f1326,life.insure,sold,84,37,4,Super Registry Ltd,08/09/2014 13:47,08/09/2026 13:47
38ac815d-88ff-449d-a9fe-332c3caa6959,life.international,resell,84,37,4,"Sav.com, LLC",06/11/2016 14:23,06/11/2026 14:23
807c245e-f5cf-4088-863e-529b39608f47,life.io,resell,84,37,4,"Spaceship, Inc.",30/09/2006 02:37,30/09/2026 02:37
887a370f-96cd-46d2-a198-0db7213b66ea,life.it,sold,84,37,4,,04/06/1996 00:00,27/09/2026 00:00
9f75ea90-2803-412e-b242-b8e9419623c2,life.jetzt,sold,84,37,4,IONOS SE,23/09/2025 17:09,23/09/2026 17:09
95696f58-4464-44fb-bd39-d8610f0019cf,life.juegos,available,84,37,4,,,
e9476133-5695-4b95-a2c8-3321fb623c82,life.kaufen,available,84,37,4,,,
c803b1b6-0e4b-4588-b124-5a77a12e70bd,life.kim,resell,84,37,4,"Xiamen ChinaSource Internet Service Co., Ltd",21/08/2025 15:15,21/08/2026 15:15
d499ffa8-9344-4d5a-a6af-7e4994d8d109,life.kitchen,premium,84,37,4,,,
d2a0c4e1-ef61-44d3-a6ef-61c4ae09b5e8,life.la,resell,84,37,4,Internet Domain Service BS Corp.,25/01/2004 01:00,25/01/2026 23:59
60712b65-9601-4eed-a4f8-c66c5005f00b,life.land,resell,84,37,4,Porkbun LLC,09/10/2018 08:23,09/10/2026 08:23
ccc0960b-289b-419f-be26-29ce654d96f2,life.lat,resell,84,37,4,Dynadot LLC,18/04/2025 21:53,18/04/2026 23:59
f290eb97-d12b-4aa8-b908-d0f76080369a,life.lawyer,premium,84,37,4,,,
f724f94e-1a55-482d-909d-88d3084ac9b1,life.lease,premium,84,37,4,,,
8900f58f-400f-41a5-b383-0619187f85c9,life.legal,premium,84,37,4,,,
bcb8060a-d944-4296-9a99-06c5fc605354,life.lgbt,resell,84,37,4,"Sav.com, LLC - 15",21/03/2025 15:15,21/03/2026 15:15
41037ded-5159-438d-8a49-cf751841a92e,life.lifestyle,premium,84,37,4,,,
58d81cb5-e8bd-441c-8499-23d02a35e0b2,life.lighting,available,84,37,4,,,
b657fc79-5260-4a65-a960-60711b963588,life.limo,available,84,37,4,,,
25ed49fa-9d41-4405-b0bb-9ea070aac9a1,life.link,resell,84,37,4,"Dynadot, LLC",10/08/2017 11:55,10/08/2026 11:55
7c170bab-c98e-4929-b809-2916c748a74d,life.loan,premium,84,37,4,,,
0989a5ea-e051-4dd2-950d-becb65e4890b,life.locker,premium,84,37,4,,,
d3def8e1-6d29-41ed-88f0-45dae63b94ed,life.london,sold,84,37,4,"Go Daddy, LLC",31/08/2018 18:01,31/08/2027 23:59
47a0a055-499a-4eda-9e61-f5bc994a42e8,life.love,available,84,37,4,,,
a5644454-e8e1-48a1-833e-1c81a59cece5,life.ltda,premium,84,37,4,,,
578e0d09-c950-4c22-8745-989ec5022f35,life.maison,premium,84,37,4,,,
caf59f33-3824-49d6-a926-3fc0246255ef,life.makeup,premium,84,37,4,,,
7a470c9e-8a63-4898-be88-e32eec623fa9,life.management,sold,84,37,4,Dynadot Inc,04/09/2018 11:55,04/09/2026 11:55
c3b4c0e7-1b7b-4e6a-873d-89adbbcb28eb,life.mba,resell,84,37,4,Alibaba Cloud Computing Ltd. d/b/a HiChina (www.net.cn),04/04/2018 19:50,04/04/2026 19:50
ed3835ab-d527-453e-9976-5b58de494752,life.melbourne,available,84,37,4,,,
0a5fe5ec-7388-4a63-9a57-35700a903e36,life.meme,available,84,37,4,,,
ce999ea7-3ac0-4b05-9fb7-8296c9979b50,life.men,premium,84,37,4,,,
ba031e21-8092-41dd-8f0d-3179c0bb1db8,life.menu,available,84,37,4,,,
26275974-84b5-4542-9e2d-b4067d623100,life.miami,premium,84,37,4,,,
8fbe4572-f6a5-47e7-a364-2963a3710d1c,life.mobi,resell,84,37,4,"Xiamen ChinaSource Internet Service Co., Ltd",15/07/2025 15:15,15/07/2026 15:15
0f5b5baa-c3f5-4758-b77f-dd1aff315c23,life.moda,premium,84,37,4,,,
0d7f0a46-f729-4472-92c3-35a5ef79d8bc,life.moe,premium,84,37,4,,,
4198a5dc-bd40-4a78-bfed-7a95b3ac0739,life.mom,premium,84,37,4,,,
8073eb4f-4691-49ed-b08b-9aa8f9368dd8,life.money,resell,84,37,4,Unstoppable Domains Inc,15/08/2017 09:08,15/08/2026 09:08
14b3e947-3dda-4637-a32f-fc178b2f7066,life.monster,resell,84,37,4,"Spaceship, Inc.",25/08/2022 11:26,25/08/2026 23:59
32667a3a-532d-4ba1-ace9-e46a0b353756,life.mortgage,premium,84,37,4,,,
c5cdb006-806b-42a4-b861-fdf1b40a7900,life.motorcycles,premium,84,37,4,,,
dd03f5e7-9cbe-4642-b634-3bcedad9cf59,life.mov,premium,84,37,4,,,
cea83aa3-357d-4069-a973-dff33643d73e,life.movie,available,84,37,4,,,
7a67adce-05cc-46bf-b605-393e7ae28ac6,life.music,premium,84,37,4,,,
fe74716d-7d4d-4742-998b-2652d2f12bac,life.navy,available,84,37,4,,,
8cfb6cab-6ec5-4889-b58c-958e59d3722a,life.nexus,premium,84,37,4,,,
f009250e-264d-4c34-97e6-0dbfc1004a3f,life.ninja,premium,84,37,4,,,
e7f0405d-3a08-45af-9ffa-7740ca0076c3,life.nyc,resell,84,37,4,Hello Internet Corp.,10/10/2016 19:00,09/10/2026 23:59
9dfa56ab-03ea-4631-8174-47089aa49f51,life.observer,premium,84,37,4,,,
bfe48488-c45c-4bb2-ac95-488538440fce,life.one,premium,84,37,4,,,
19823d1d-5f33-498d-9b09-2180aaa8c2ba,life.online,premium,84,37,4,,,
441f3f1e-74c2-450d-8aaa-b4e13b1b6df0,life.organic,resell,84,37,4,"Sav.com, LLC - 25",23/01/2023 15:15,23/01/2026 15:15
38bffc40-c38b-447f-b613-a1aa78bec4d2,life.osaka,premium,84,37,4,,,
c946cdd3-396b-4215-87b0-b5e799c97795,life.page,premium,84,37,4,,,
32163783-6809-4f56-9ac1-b3fd9c635e96,life.parts,premium,84,37,4,,,
7a6dc0a1-f4a2-4984-9b0d-9cc0c127bb43,life.party,premium,84,37,4,,,
e27d3a18-8d62-4d1a-a166-393de9c47deb,life.phd,premium,84,37,4,,,
e2964ec0-a0f8-42e5-a341-1f096fdff1cf,life.photo,expired,84,37,4,"Spaceship, Inc.",21/11/2016 19:15,21/11/2025 19:15
0af75b7a-fc43-4499-ae9c-768055ff1b03,life.pics,sold,84,37,4,"Spaceship, Inc.",25/11/2018 16:38,25/11/2026 23:59
b9d96d3a-f174-4ac1-b14c-dcd380e4b80b,life.pink,resell,84,37,4,"Spaceship, Inc.",30/09/2016 10:16,30/09/2026 10:16
4a7aac5d-3e1f-4c5c-9683-7101be013ec5,life.plumbing,premium,84,37,4,,,
5b8cb6ef-9d4d-4545-8124-7881b0783ab3,life.poker,resell,84,37,4,"Sav.com, LLC - 28",24/02/2025 15:15,24/02/2026 15:15
2c416cd7-329c-40cf-82f9-1edff79d1ac8,life.porn,premium,84,37,4,,,
eff14ff3-d1e2-483e-bbba-28661c07fd20,life.press,premium,84,37,4,,,
9717d418-c0a0-4b7b-9a92-85c264a0b95f,life.pro,resell,84,37,4,"EnCirca, Inc.",29/03/2006 00:00,29/03/2026 00:00
2ac2419a-2287-459f-b7d5-9689769b0726,life.productions,premium,84,37,4,,,
66b23356-c0c0-4944-9f3c-4e2a6073a1df,life.prof,premium,84,37,4,,,
44c41cc8-0927-4463-a9db-6264c01e15b5,life.promo,resell,84,37,4,"Sav.com, LLC",15/01/2020 10:11,15/01/2026 10:11
1927e1fc-7702-4e4d-b5aa-f051bb1e2586,life.properties,premium,84,37,4,,,
762a3d3d-d7d5-497d-a9c3-e6401014b907,life.property,premium,84,37,4,,,
46627003-8dba-4b7f-b7cc-302c93a17916,life.protection,available,84,37,4,,,
9e8953dc-ebe2-45cf-a274-5ce569a7e44c,life.pub,resell,84,37,4,"Xiamen ChinaSource Internet Service Co., Ltd",26/09/2018 19:46,26/09/2026 19:46
4c6a4ec5-78d8-4e85-9a58-ca14389c1a1c,life.qpon,premium,84,37,4,,,
d346e4a3-5a33-44ff-ae2a-9fd3e5f5e4b5,life.quest,sold,84,37,4,"Go Daddy, LLC",21/09/2025 17:47,21/09/2030 23:59
3cf70017-6798-47ef-ba76-1ad5618cf6eb,life.racing,premium,84,37,4,,,
b2395ec1-08bc-43a8-9325-f17797432c45,life.recipes,resell,84,37,4,"Global Domains International, Inc. DBA DomainCostClub.com",28/12/2024 15:15,28/12/2025 15:15
b7d08738-1456-4816-9848-c499d8712441,life.red,premium,84,37,4,,,
eb305437-59d8-486d-9fad-22872a1bb3dc,life.reise,premium,84,37,4,,,
e66cd888-c99d-4689-abea-5a5e6bc5888d,life.reisen,premium,84,37,4,,,
e03fe9f0-1641-46d8-b0f0-d9cb77a45810,life.rent,premium,84,37,4,,,
0a42a01f-664a-404b-b9e9-42cccb1f1ce4,life.rentals,premium,84,37,4,,,
56a000a2-0cba-4dad-91d2-16b66c75cd9f,life.republican,available,84,37,4,,,
b24f8f49-8f13-4999-a359-c4e37d0b89de,life.rest,premium,84,37,4,,,
c56131d3-41b2-47c6-b745-582bee4253e3,life.restaurant,resell,84,37,4,"Sav.com, LLC - 1",26/07/2025 15:16,26/07/2026 15:16
035ee07e-f26e-42d3-a103-adb5a5ffe2a5,life.review,premium,84,37,4,,,
4da4cf9b-bd45-4029-b8ee-c6288a2686ca,life.reviews,premium,84,37,4,,,
6254415a-0844-4566-aac2-ec473fea4c89,life.rich,sold,84,37,4,"GoDaddy.com, LLC",19/09/2025 14:40,19/09/2026 14:40
3af569ae-b0e2-4673-b8a9-6765e6dd387f,life.rip,sold,84,37,4,Domain Science Kutatási Szolgáltató Korlátolt Felelősségű Társaság,24/09/2025 15:16,24/09/2026 15:16
ab654c87-b654-4526-a0a0-a1bfdfe032dd,life.rocks,premium,84,37,4,,,
f2d819fa-4ea8-4abf-9cf2-3f547d175f9b,life.rodeo,resell,84,37,4,Dynadot Inc,04/04/2025 11:10,04/04/2026 11:10
992fe5e6-881a-4fa7-8ba5-21667b5e1f99,life.rsvp,premium,84,37,4,,,
9ab92926-d6a2-4065-b88d-3003410ff6db,life.run,sold,84,37,4,Dynadot Inc,12/01/2018 04:30,12/01/2026 04:30
38efd20a-038f-4951-a5c7-cf3ca8206c8d,life.sale,premium,84,37,4,,,
321d0f5c-9119-4c95-8b94-b133024f4b18,life.sarl,available,84,37,4,,,
f1187dd0-a981-4a59-bbd9-cd59f76dfd37,life.schule,expiring,84,37,4,Vautron Rechenzentrum AG,07/12/2017 08:52,07/12/2025 08:52
f6a71a59-f9f2-4869-a135-d85d1898324a,life.security,available,84,37,4,,,
2ee787ae-0b1e-4de2-a2c6-3a4b3a89039d,life.services,premium,84,37,4,,,
649e8319-4af3-473f-b8f0-304475940920,life.sexy,premium,84,37,4,,,
59b0ef83-a8d3-459f-baad-795daeee8615,life.shiksha,expiring,84,37,4,Dynadot Inc,18/12/2024 20:09,18/12/2025 20:09
9167cc6d-c101-4305-8333-9a53557259da,life.shoes,premium,84,37,4,,,
c580ce4c-44eb-4294-83cd-4c20a4b0bdfe,life.shopping,premium,84,37,4,,,
1c2e5a96-af5e-47a8-aeaa-4a5088e9f82a,life.show,resell,84,37,4,"Chengdu West Dimension Digital Technology Co., Ltd.",29/07/2015 16:00,29/07/2026 16:00
55e4fdec-82b6-43ab-a7a9-c38d3bffe854,life.singles,premium,84,37,4,,,
b13d5335-10b5-4fdc-9b31-0036476e0e69,life.site,expiring,84,37,4,"Name.com, Inc",04/01/2025 19:27,04/01/2026 23:59
1b76131d-35fc-4dd8-ae87-28b0b6088b30,life.ski,resell,84,37,4,"Spaceship, Inc.",17/07/2023 15:15,17/07/2026 15:15
08d651dd-7e97-45bd-9f8a-c990d71002ad,life.skin,premium,84,37,4,,,
c2a3fd7a-bcd7-4934-be68-fd22467501be,life.soy,premium,84,37,4,,,
de2232f1-c877-4c3d-adce-1f574351e7b7,life.space,premium,84,37,4,,,
f9362194-228f-4e6f-a2f4-88600060289f,life.spot,premium,84,37,4,,,
9fc9a047-d2f6-4929-b567-ce139ed02aa7,life.srl,available,84,37,4,,,
1a46d6d6-fdfc-4839-9886-bd9918a95dde,life.stream,premium,84,37,4,,,
9316bf9a-911a-4e98-bf59-d4dc8dd0d3a4,life.studio,sold,84,37,4,"GoDaddy.com, LLC",30/10/2015 16:19,30/10/2026 16:19
9d68c723-b4bf-417f-8846-c741c44cd1d7,life.study,resell,84,37,4,Sav.com LLC,26/04/2025 21:32,26/04/2026 21:32
90c4184c-38b7-4ec3-9568-c9ea83c84c2f,life.sucks,premium,84,37,4,,,
3e2132e3-9beb-400f-b364-619c17b0750b,life.supply,premium,84,37,4,,,
5c1c8380-16fc-4b92-ae01-e5e47536facf,life.surf,premium,84,37,4,,,
0c1eafc6-cfa5-4b7d-a600-6f0fabf77186,life.surgery,premium,84,37,4,,,
546014b6-4899-47f5-b889-a250db6ef5f1,life.sydney,premium,84,37,4,,,
70a4d45f-ce24-4ab6-8548-27fa369aa5de,life.talk,available,84,37,4,,,
88f5a8b6-5b97-48b9-8785-72100aabe82a,life.tattoo,premium,84,37,4,,,
292e34b6-ba94-43b3-9631-711b2b627a78,life.tax,expired,84,37,4,"GoDaddy.com, LLC",26/09/2024 02:42,26/09/2025 02:42
1464d5fe-0a18-46ec-be13-4266471051dd,life.taxi,resell,84,37,4,"Sav.com, LLC",06/07/2025 00:40,06/07/2026 00:40
c8eb4adc-8259-4038-938e-1836da389fd8,life.team,resell,84,37,4,"Chengdu West Dimension Digital Technology Co., Ltd.",15/10/2016 23:54,15/10/2026 23:54
53930c5c-3dfd-4be5-b4a6-de89a94bf83a,life.tech,expiring,84,37,4,Namecheap,21/12/2024 00:55,21/12/2025 23:59
af68350f-2faf-482c-a72d-e6f7be7c1456,life.technology,resell,84,37,4,"Spaceship, Inc.",08/10/2023 15:15,08/10/2026 15:15
286a7d37-8cc5-483f-8084-030576bed25d,life.theater,resell,84,37,4,"Sav.com, LLC - 30",28/04/2025 15:15,28/04/2026 15:15
1cc202e9-13dd-4209-96ed-6a2fc2face64,life.theatre,available,84,37,4,,,
c8ad36c0-6808-4003-b50e-0e4d098765e8,life.tickets,available,84,37,4,,,
588431c3-9a92-40b4-8781-7f65cc4d66f4,life.tienda,available,84,37,4,,,
7e9412d0-8d0f-48cf-a688-b92cc6c5c728,life.top,resell,84,37,4,阿里云计算有限公司,23/10/2017 02:23,23/10/2026 02:23
965cb5ae-29c1-471d-9f76-2ecee69432ea,life.town,resell,84,37,4,"Chengdu West Dimension Digital Technology Co., Ltd.",01/09/2015 01:53,01/09/2026 01:53
5bdeaaa0-12e5-48aa-b0cc-b6250f3471ed,life.travel,resell,84,37,4,Porkbun LLC,24/08/2024 15:15,24/08/2026 15:15
c4479822-3bf8-4a1f-a040-011bcd52a439,life.tube,expired,84,37,4,"Latin American Telecom, LLC",08/11/2017 19:27,08/11/2025 19:27
cb4e78b8-31fa-4bef-b746-c448d6b3d3db,life.uno,premium,84,37,4,,,
9be8f074-e2b8-4424-951e-d1ddb16b47dc,life.vacations,premium,84,37,4,,,
70b0a2a8-e775-460f-a65c-bfe3bb7058e0,life.vana,available,84,37,4,,,
2dec32eb-9006-4dd3-bb85-5b1287fcbcdd,life.vet,premium,84,37,4,,,
c3c93a50-2ecb-464a-a81f-bccceb8cc7fc,life.viajes,available,84,37,4,,,
23c8bbbd-4681-464e-b0c7-1452d096ee31,life.villas,premium,84,37,4,,,
28752579-e8a1-457e-82ba-8cd9412d5a65,life.vin,premium,84,37,4,,,
7eff2ec7-5d8e-413c-a56d-5e2dd9021b94,life.vodka,premium,84,37,4,,,
b102af0c-4785-48e1-8c0c-b1bf358ec4dc,life.vote,resell,84,37,4,"Spaceship, Inc.",15/05/2019 12:42,15/05/2026 12:42
b3efc38f-77f4-4c06-b213-a5760f4f8c26,life.voting,available,84,37,4,,,
c463142c-393b-447d-8de7-993c33b52da7,life.webcam,premium,84,37,4,,,
4ffedb38-a5f5-419f-9b77-424b14c60730,life.wedding,premium,84,37,4,,,
266e004a-1b7d-4900-9ea1-ae4e38bee889,life.wiki,premium,84,37,4,,,
9abe86ce-9e4a-4cbf-81d0-4cd75cd4ada5,life.wine,resell,84,37,4,"Chengdu West Dimension Digital Technology Co., Ltd.",12/04/2017 23:12,12/04/2026 23:12
6f74f9a9-4129-4853-91fc-2152b38ef393,life.world,resell,84,37,4,"Chengdu West Dimension Digital Technology Co., Ltd.",18/01/2015 03:16,18/01/2026 03:16
de2cf2e5-f672-40bc-b79a-d28c973de2a4,life.xyz,resell,84,37,4,Squarespace Domains II LLC,08/07/2022 09:18,08/07/2031 23:59
d0cc1fb3-7856-464a-9eaa-f9273ee4317e,life.yachts,premium,84,37,4,,,
db86918f-39b9-4430-abcd-c7d4e9d475b2,life.yoga,resell,84,37,4,"GoDaddy.com, LLC",26/08/2020 19:00,26/08/2026 19:00
1449cbdc-b9a7-4e0d-afff-36ef7d25aeff,life.zip,premium,84,37,4,,,
3c38352d-324d-49fd-bab5-5efa486a1fe6,risk.accountant,premium,62,29,4,,,
146b5690-5679-4ff7-af25-bf6f609ee40a,risk.accountants,available,62,29,4,,,
a65c285d-136c-4d1d-aef8-52138562e32f,risk.adult,premium,62,29,4,,,
5a41e477-0ae5-4841-9101-3d5383180235,risk.agency,resell,62,29,4,Porkbun LLC,26/02/2021 08:07,26/02/2026 08:07
7be53c6d-4e38-46bb-abda-5930999f83a3,risk.ai,resell,62,29,4,Ewire,16/12/2017 05:40,04/04/2029 05:40
141651e5-9dc5-4207-9fdc-1e0855a30bb9,risk.airforce,available,62,29,4,,,
ba38a364-dd1a-4497-831c-7d86b3a28e1b,risk.apartments,available,62,29,4,,,
02e49348-8922-4be1-bd13-161736dd5c95,risk.archi,available,62,29,4,,,
d0573259-8027-4278-bccc-1fc22a3d5c99,risk.army,available,62,29,4,,,
d3ea591d-8cac-4b15-bbc6-917dfd52d7fc,risk.at,available,62,29,4,,,
d54a2afe-6237-4242-97dc-87d731ea9f10,risk.attorney,available,62,29,4,,,
0224e9be-9560-4ad2-823d-d68ee2773027,risk.audio,available,62,29,4,,,
2e8dd46c-db13-4f8d-a0f2-93e9d5998fa6,risk.auto,available,62,29,4,,,
5746871c-47b5-4dc2-97e4-ca9f5a0964bd,risk.autos,premium,62,29,4,,,
6ab382cb-b83d-46e8-89ac-416c1188021d,risk.baby,available,62,29,4,,,
4e1682e9-9cb6-4542-98fa-2abff75ab745,risk.bar,premium,62,29,4,,,
b0a71019-883e-4232-8924-3b9a6e349ac6,risk.bargains,available,62,29,4,,,
6477453a-be1c-4fb7-9d22-5434de0c4470,risk.bayern,premium,62,29,4,,,
1d402f17-5e26-41e3-bee8-ee46ce98e6e3,risk.beauty,available,62,29,4,,,
24418209-24b9-4d6d-a3b1-6581e5408105,risk.beer,available,62,29,4,,,
022f56bd-bdf3-465c-bc40-8f2201d34ece,risk.berlin,available,62,29,4,,,
ee57f004-7c6d-4e31-9dd7-939431b0c1fc,risk.bid,resell,62,29,4,Porkbun,02/08/2019 13:58,02/08/2026 13:58
0142dffa-3bb0-418f-98a8-70a2e61d9232,risk.bike,available,62,29,4,,,
1eeaf9ee-93cd-47db-934f-8d22c1036d00,risk.bingo,available,62,29,4,,,
31f0c040-31a1-4898-bcff-f603701848e1,risk.biz,premium,62,29,4,,,
4ff26e85-76db-4de8-8e6f-2c24bdb9d919,risk.black,available,62,29,4,,,
9beeaad8-2d59-435c-b359-14b7e2e61cb6,risk.blackfriday,available,62,29,4,,,
2fbd2348-1b39-4ce5-999c-bd3cbc40fa2e,risk.blog,premium,62,29,4,,,
127b1413-b8ad-4805-ba31-f32ee50f6786,risk.boats,expiring,62,29,4,"Porkbun, LLC",21/09/2024 03:09,21/09/2025 23:59
db8d84e3-c3b7-4041-81cc-3e4cfa40f8f7,risk.boo,premium,62,29,4,,,
36ef7770-fe58-47d9-a888-3b64ff503023,risk.boston,available,62,29,4,,,
e402d402-57e7-48b4-afbe-7c9c9b8ca7f5,risk.boutique,available,62,29,4,,,
9e54485d-2128-46c6-b459-ea549f58ad5d,risk.build,premium,62,29,4,,,
6938feba-89ff-40a4-a0ae-3a71eb2553da,risk.builders,premium,62,29,4,,,
3c551a3b-3f92-4d5f-91c1-418c000ede84,risk.business,resell,62,29,4,"Spaceship, Inc.",17/10/2023 15:15,17/10/2025 15:15
10c17b53-884e-4523-8d0d-0a6d6d785914,risk.buzz,premium,62,29,4,,,
7fe3135c-0419-400d-8681-25c0fcfd422b,risk.cab,available,62,29,4,,,
031a5940-eba9-47d1-9c7b-6cfe52a3377e,risk.cafe,resell,62,29,4,"Chengdu West Dimension Digital Technology Co., Ltd.",18/10/2024 17:00,18/10/2026 17:00
e399d3af-2b38-4b9d-a823-d9480fd5140e,risk.cam,premium,62,29,4,,,
9146156b-9773-4bd6-95ad-59c8f5c3976e,risk.camera,available,62,29,4,,,
7c924a85-36e8-4dd1-9bdb-628f91710daf,risk.camp,available,62,29,4,,,
c4bac49e-debb-46a8-8e25-c595b15772ce,risk.car,available,62,29,4,,,
4560d815-5422-441e-8a7c-01a1f71e36d5,risk.cards,available,62,29,4,,,
bbab5e1f-a35a-44c1-9472-e5ce907134ac,risk.careers,premium,62,29,4,,,
b98eff8d-46f2-4121-9ade-4bf50fd9b8e0,risk.cars,available,62,29,4,,,
2e5e7acd-eaf5-4d1b-8f7e-e83d2059612f,risk.casa,premium,62,29,4,,,
b89fd21d-e7bb-459a-989e-99aacb654349,risk.cash,expired,62,29,4,Domain Science Kutatási Szolgáltató Korlátolt Felelősségű Társaság,20/07/2024 17:00,20/07/2025 17:00
7ae29e23-cca7-4de6-8289-c9e887aaa890,risk.catering,available,62,29,4,,,
fbcb6bad-17d4-48d9-af1b-5b5070762924,risk.cc,expiring,62,29,4,"GoDaddy.com, LLC",03/10/2004 03:39,03/10/2025 03:39
3ea47a8b-067e-4e4f-be16-b6e3c65f1fa1,risk.ceo,available,62,29,4,,,
70387e0d-59be-4768-b6d6-c686dba3ecc8,risk.cfd,premium,62,29,4,,,
6df14d48-64af-419b-ab3a-cb758c7b95b8,risk.charity,available,62,29,4,,,
49c60819-7242-4974-81a0-c15760d027ab,risk.cheap,available,62,29,4,,,
60abdbbc-b821-4b38-b893-bf7c8a2fd54d,risk.christmas,available,62,29,4,,,
f1757ae7-bb6f-46ba-99e5-e1db2cf88439,risk.church,available,62,29,4,,,
bb6adf45-17ec-43fd-83f1-eff4239decf1,risk.cleaning,available,62,29,4,,,
ba1fbbe2-d2ec-4c30-b93e-1ee801871334,risk.click,premium,62,29,4,,,
4cffb68d-fbe0-4d60-9af2-b48a1fcd5b1c,risk.clinic,available,62,29,4,,,
4f640143-f3ab-4f58-befd-3a9d9f884e30,risk.clothing,available,62,29,4,,,
cf2478ec-a470-4a4d-83cb-cf9dfe63a234,risk.cloud,premium,62,29,4,,,
9682a9c9-7c60-493b-bfe4-7f448222bfe9,risk.codes,premium,62,29,4,,,
8beb7d3d-9a11-4c1c-849e-b8a7c773a4fb,risk.coffee,resell,62,29,4,"NameCheap, Inc.",10/04/2022 15:13,10/04/2026 15:13
ae5bef99-ed47-494d-9fdd-0a3add90beea,risk.condos,available,62,29,4,,,
200caf9e-b1d1-4eb4-8ff6-7f9ef477d835,risk.construction,available,62,29,4,,,
526fdfff-173c-48c5-be87-9ed3462b79b8,risk.consulting,premium,62,29,4,,,
d0b73605-480b-477c-9bbd-7e1c9bf6e2d0,risk.contact,available,62,29,4,,,
4f79cc1e-1469-4c61-bf9c-e7934e6d11db,risk.cooking,available,62,29,4,,,
cc944764-5aba-4334-aecd-ed92d92c659b,risk.cool,available,62,29,4,,,
6dfbf7bc-bc6a-4407-9111-45799c8ce15c,risk.country,premium,62,29,4,,,
46077093-b6df-4e88-b747-debd2b7bb406,risk.coupons,available,62,29,4,,,
b6d5567e-3c23-475e-9c7c-555d0715e200,risk.courses,available,62,29,4,,,
b97f9456-685c-4276-a769-0b53b332a1f0,risk.credit,premium,62,29,4,,,
bba699fe-00d2-4361-adbb-11c358a3b41e,risk.creditcard,premium,62,29,4,,,
d10dc6f0-29a8-4aea-a106-99502f69247c,risk.cricket,premium,62,29,4,,,
b12a3573-4a45-4970-9ae9-0dd922d26ec1,risk.cruises,available,62,29,4,,,
f998c8e4-128e-41c8-9841-d3806c0fbb3c,risk.cv,premium,62,29,4,,,
5c8b0048-adfb-4762-91e1-7b7f7bf93ff6,risk.dad,premium,62,29,4,,,
8ba73ea6-268d-4745-b55d-79feb61d997a,risk.dance,available,62,29,4,,,
48ac38db-2fff-4d9f-9c7c-df937299a0a4,risk.date,premium,62,29,4,,,
dd01261e-3d5b-4a9a-a3d0-5a7580bfb8b0,risk.dating,available,62,29,4,,,
c27e3580-2b19-49f9-acb8-776605ef2671,risk.day,premium,62,29,4,,,
652aed4e-9591-4713-8e7e-ec121f827f2b,risk.de,resell,62,29,4,,,
02bf80e9-d292-4e07-a625-c1e5753d2793,risk.dealer,premium,62,29,4,,,
daffaf6a-d325-4549-a221-eb1d03122a71,risk.deals,available,62,29,4,,,
492da7f9-2770-436b-9500-122af35af68f,risk.degree,available,62,29,4,,,
991f0fdc-de0c-46f4-8fd9-ce604ea44991,risk.delivery,available,62,29,4,,,
2b33053c-5b2b-4fb9-851d-16c50fe2db0c,risk.democrat,available,62,29,4,,,
844a952b-8625-4753-8c54-e2d26b658d64,risk.dental,available,62,29,4,,,
39ec48a6-397f-4aee-adfb-6e9596aac091,risk.dentist,available,62,29,4,,,
f38909c6-028e-48cf-86f3-c57799c049db,risk.design,expiring,62,29,4,Dynadot Inc,12/09/2024 05:39,12/09/2025 05:39
14a14857-97b7-4545-aa8e-7d4832f81de9,risk.diamonds,available,62,29,4,,,
c00f3899-b056-45a1-a671-66af5f7c0f77,risk.diet,available,62,29,4,,,
9fab3ef3-3d7c-48e8-801d-e08c14be2a1f,risk.directory,resell,62,29,4,"Sav.com, LLC",21/10/2024 17:52,21/10/2025 17:52
c08f7c46-bf5f-4062-9c6e-657f0e38c29b,risk.discount,available,62,29,4,,,
b4f0f950-4378-4182-96f0-1a653b064d4b,risk.diy,premium,62,29,4,,,
d3f17184-00cc-4008-8844-74ae29f46360,risk.doctor,available,62,29,4,,,
40d473b8-0692-4f56-99f3-84d5398cbf47,risk.domains,available,62,29,4,,,
21da4173-ccb7-4726-af21-f5ed40827fd7,risk.download,premium,62,29,4,,,
96148af9-18d2-438d-adcb-a919f3448eca,risk.education,available,62,29,4,,,
40954d1b-27b8-400b-bbf4-d2bfe837e688,risk.energy,resell,62,29,4,"Name.com, Inc.",20/06/2019 11:06,20/06/2026 11:06
928f0146-999f-4fe3-b641-c572a802e944,risk.engineering,premium,62,29,4,,,
4a08c982-079a-4571-8bd5-15ec9a3206ff,risk.enterprises,available,62,29,4,,,
84bddce5-d9bf-4e54-823c-7eb0f5437cc7,risk.equipment,available,62,29,4,,,
edea3509-20a8-4983-8cad-76b282f6deaf,risk.esq,premium,62,29,4,,,
16fc618b-51bd-4875-ac79-f0cfbc0e427b,risk.estate,available,62,29,4,,,
a1e044bb-0e11-422b-832d-9d558e28a72b,risk.events,expiring,62,29,4,OVH SAS,22/09/2020 23:37,22/09/2025 23:37
8541595c-608d-49a7-953d-c1c8f882e1b3,risk.exposed,premium,62,29,4,,,
d19aa0df-ea18-4436-a54e-266606e6fd8c,risk.express,available,62,29,4,,,
e25c176c-a564-4895-948e-c7c74b95cd6a,risk.fail,available,62,29,4,,,
36da02b2-2efe-4c79-ab22-5c819943ddd0,risk.faith,premium,62,29,4,,,
c7ba335d-4163-41c8-bd42-93ffc169e104,risk.family,available,62,29,4,,,
1e52f4d0-d1a6-4149-9330-78c879e18cfe,risk.fan,available,62,29,4,,,
fddd02a0-dec6-4b8c-b58e-6fbe5156422a,risk.farm,available,62,29,4,,,
2fc89d08-483d-4c5f-aabc-a8aeb02853d6,risk.fashion,premium,62,29,4,,,
a148d8da-4b08-427c-9d67-c874d5b780ab,risk.film,available,62,29,4,,,
477e33a5-2f62-4959-bd5f-98ed016595c7,risk.fish,available,62,29,4,,,
f294dcab-f5db-49e1-a78d-ee4b57a58b86,risk.fishing,premium,62,29,4,,,
266a1c31-e5a8-41bb-9088-b1d6861825de,risk.fitness,resell,62,29,4,"Sav.com, LLC",27/01/2025 15:27,27/01/2026 15:27
6b37ffca-378b-4966-8700-f789c5a36e9b,risk.flights,available,62,29,4,,,
ad04932c-6b3b-4bf2-8ef4-6196c9d3f7c6,risk.florist,available,62,29,4,,,
531fa56e-b7e1-45d6-ab3d-cc811065b0ba,risk.flowers,available,62,29,4,,,
79af0132-a316-43b5-8965-8a8db774ee2b,risk.foo,premium,62,29,4,,,
e6eb2093-b116-4a86-9648-2877e03e7706,risk.food,premium,62,29,4,,,
23fd25b3-1519-4f38-9c18-650d32bb8fc9,risk.football,available,62,29,4,,,
06b8ebd0-5f54-47f3-bb3b-47665416ce7d,risk.forsale,available,62,29,4,,,
5ccb1422-5611-4501-8c48-e7edaa58130b,risk.forum,premium,62,29,4,,,
b5ef5196-369c-454a-9204-afcf4892c2f7,risk.fund,premium,62,29,4,,,
f2d3af43-77e2-4b95-8f96-da6bcf1f116e,risk.furniture,available,62,29,4,,,
b6d44ab0-7e22-4579-9a19-53318adc2aa1,risk.futbol,available,62,29,4,,,
c63f83e6-a9ce-445c-b59a-cc525e634655,risk.game,available,62,29,4,,,
4a2e71c4-92d0-4720-baed-b62756cc743c,risk.garden,available,62,29,4,,,
dd38ed3d-75ff-4288-879c-af4370fdd75c,risk.gg,resell,62,29,4,1API (http://www.1api.net),,
2d3c6276-9e28-4c1a-a090-99335320bd6c,risk.gift,available,62,29,4,,,
b8f7f150-83c0-48a3-9c01-ace1e629c17d,risk.gifts,available,62,29,4,,,
7e455079-a622-4cc3-b992-2edb63e89f25,risk.gives,available,62,29,4,,,
5eb52a3f-a355-4780-a44a-ca2508f56050,risk.giving,available,62,29,4,,,
b3325ffb-61ef-485a-ad8b-5d244b667648,risk.glass,available,62,29,4,,,
953284d9-e6aa-4082-9334-f4038981f324,risk.golf,available,62,29,4,,,
002e9bc0-4866-4d43-9ebf-0428d8c63bfe,risk.graphics,available,62,29,4,,,
90bfb501-1a9a-4931-9350-dd6bbf1cfa6f,risk.gratis,available,62,29,4,,,
3b5dc155-2705-49c2-b668-75e5594209cb,risk.green,available,62,29,4,,,
36c94fd5-7fb6-44a7-8505-4e202cf5df31,risk.gripe,available,62,29,4,,,
3b41f1e7-45cc-4148-90b1-f482b17b5223,risk.group,resell,62,29,4,"Sav.com, LLC - 13",10/11/2023 15:15,10/11/2025 15:15
19115411-748d-41b0-b128-e893d8859d49,risk.guide,expiring,62,29,4,1API GmbH,17/09/2014 16:00,17/09/2025 16:00
cf30ee3c-fd9d-4468-92d0-039a9d9ea292,risk.guitars,available,62,29,4,,,
9b7cf28c-fdbb-4365-b052-acb94876cbc5,risk.guru,expiring,62,29,4,Metaregistrar BV,03/10/2019 23:26,03/10/2025 23:26
f67a89e8-975b-46e9-a273-3503fa179ee3,risk.hair,available,62,29,4,,,
79d9ff77-f1b4-4f4e-900a-b52987563750,risk.health,premium,62,29,4,,,
514c9acf-5f7a-443c-8f48-2bdb9a123a2d,risk.hiphop,premium,62,29,4,,,
80281495-a7e5-4392-a781-dfa4ba165770,risk.hiv,premium,62,29,4,,,
eaf5c143-5913-4afc-abc7-ba9ba60a743f,risk.hockey,available,62,29,4,,,
6fbf174b-59a5-4be1-b220-a15a3393b671,risk.holdings,available,62,29,4,,,
9fdae490-19e5-4795-9286-63cf53fe250f,risk.holiday,available,62,29,4,,,
1e0dd494-495e-495d-9063-aab4e99858e6,risk.horse,available,62,29,4,,,
27ba419e-8054-4d7d-ad32-77e8e0cc6638,risk.hospital,available,62,29,4,,,
a063c957-94dd-4955-b62d-a809b0003a2e,risk.host,premium,62,29,4,,,
b2ca3448-e34d-4624-9e82-da8a83b5bb94,risk.hosting,available,62,29,4,,,
29864bc2-c732-44f5-9e9f-710a5bd9beb1,risk.hot,premium,62,29,4,,,
a18842a0-f402-4184-afa2-202bc15c0683,risk.how,premium,62,29,4,,,
75de52da-dc73-40e0-bd03-29eaae486db1,risk.im,premium,62,29,4,,,
c298344e-b5f7-4e72-80c3-04897380a371,risk.immo,available,62,29,4,,,
e375879f-b170-488e-83cc-266b7c499896,risk.immobilien,available,62,29,4,,,
4309c890-7d7e-4b65-ab9e-d63e81fdf131,risk.in,resell,62,29,4,Endurance Digital Domain Technology Private Limited,07/05/2007 20:09,07/05/2026 20:09
9834b07c-e421-4486-bfaf-9dd3af7dd4ac,risk.ing,premium,62,29,4,,,
4189bd1b-b481-44d8-8e2d-58746253dedc,risk.institute,resell,62,29,4,"Global Domains International, Inc. DBA DomainCostClub.com",04/05/2014 04:05,04/05/2026 04:05
50c0d714-0e9c-4a58-b7b5-7760e84b5f61,risk.irish,available,62,29,4,,,
9baa687c-72e1-45a2-8059-e4d21697d3f8,risk.it,expiring,62,29,4,,10/11/1999 00:00,06/09/2025 00:00
1b79e87e-e9ae-4f3d-8dbf-b8ec0652ce5a,risk.jetzt,available,62,29,4,,,
54b6abfc-f782-4903-9256-f232cdcee9b1,risk.jewelry,available,62,29,4,,,
825ebdeb-41ff-43c4-8419-3830448f3d56,risk.juegos,available,62,29,4,,,
ef6f20aa-fb14-456f-b930-971663704e23,risk.kaufen,available,62,29,4,,,
a6648fe6-85e0-4a48-87b7-23d22ce7d038,risk.kids,premium,62,29,4,,,
22206ec7-bff2-41a6-aa2d-6378f17ff427,risk.kim,available,62,29,4,,,
7478bacd-39b0-40f2-a9cc-33d2110e0b40,risk.kitchen,available,62,29,4,,,
176133e1-15dd-4c2c-90ed-04a7b85bba86,risk.land,available,62,29,4,,,
8a9993bf-6101-440a-9833-1f73dd7fe2fe,risk.law,available,62,29,4,,,
264ef68b-d5d9-4507-9aef-f516577cad2c,risk.lawyer,available,62,29,4,,,
12c7c1b8-11b7-4ad9-ab75-8c70a9cefb45,risk.lease,available,62,29,4,,,
caa867ae-429d-49a1-8991-dd5205829011,risk.lgbt,available,62,29,4,,,
abb8d93f-06a1-46ef-9354-1eb08f49b7af,risk.life,resell,62,29,4,"Chengdu West Dimension Digital Technology Co., Ltd.",03/12/2020 08:14,03/12/2025 08:14
ead3a045-800a-4580-b35a-8c649b6628b7,risk.lifestyle,premium,62,29,4,,,
b014f2bd-2854-4bff-aeb7-7686580cb9e1,risk.lighting,available,62,29,4,,,
251031ef-7a01-42b6-9c6a-c2d42de46e54,risk.limited,expiring,62,29,4,Squarespace Domains II LLC,21/09/2021 11:31,21/09/2025 11:31
d90827ab-d3bb-4bb5-83bf-cacdcf4c486a,risk.limo,available,62,29,4,,,
e808b345-114a-4955-bbf2-8c25aecd0a1c,risk.live,resell,62,29,4,"Chengdu West Dimension Digital Technology Co., Ltd.",04/09/2019 19:12,04/09/2026 19:12
f071cf5c-2eed-45f9-a70e-c8765d61ee32,risk.living,premium,62,29,4,,,
31d0fad7-aa2d-4831-84c2-191ca3a75321,risk.loan,premium,62,29,4,,,
68615f06-a8a6-4b61-abc9-451ad5ac43bc,risk.loans,available,62,29,4,,,
dfb24004-8ac3-4f6b-b335-8274eb2d4322,risk.locker,premium,62,29,4,,,
3b358abb-ffd8-4eda-8cad-92b7be428613,risk.london,premium,62,29,4,,,
5417556e-c170-4dad-bdaa-5eb9df516a5d,risk.love,premium,62,29,4,,,
c06be3d7-cd9d-4a27-ae87-a8e14d21138d,risk.ltd,resell,62,29,4,"Xiamen ChinaSource Internet Service Co., Ltd",08/10/2018 08:16,08/10/2029 08:16
dea16934-158f-4dd4-a076-33f0153d31ca,risk.ltda,premium,62,29,4,,,
46a265ec-7fc7-40cc-8994-3ff41a5332f9,risk.luxe,available,62,29,4,,,
73614ef5-bb5d-4bc3-9a9d-d0d89f395333,risk.luxury,available,62,29,4,,,
0660c4c6-cfb7-4f0d-b1d6-25eaa6d602ec,risk.maison,available,62,29,4,,,
4210588d-cb79-4c35-b911-b7ffa672ba3d,risk.makeup,available,62,29,4,,,
e5336839-b1a7-459c-b5a9-be4f36bec9c3,risk.management,resell,62,29,4,Dynadot Inc,06/09/2024 15:15,06/09/2026 15:15
a75e4e3a-01b0-4c38-8d31-7b0beceb2a2d,risk.market,premium,62,29,4,,,
09930e57-1b5d-46fe-be97-dc0eff449887,risk.media,resell,62,29,4,"Chengdu West Dimension Digital Technology Co., Ltd.",22/12/2018 23:28,22/12/2025 23:28
6bf4a547-79c2-4852-957c-f8371054c5f9,risk.melbourne,available,62,29,4,,,
67fc1597-5763-40d8-8184-b970956fa11c,risk.meme,premium,62,29,4,,,
246c67bb-0345-46c5-b481-ec272d28cadf,risk.memorial,available,62,29,4,,,
5a4d38c5-b220-42c5-81b3-ca1d1981c900,risk.men,premium,62,29,4,,,
71180cf8-c61d-4865-97cb-5188754f1bb3,risk.menu,available,62,29,4,,,
9406a2c6-10fa-4572-ac64-8266b4679c89,risk.miami,premium,62,29,4,,,
d2173594-e3cb-46ab-89f0-3e9133952119,risk.mobi,resell,62,29,4,Automattic Inc.,06/09/2020 14:30,06/09/2028 14:30
656c86ab-5681-4bb5-adfd-4fb82844873f,risk.moda,available,62,29,4,,,
c7af92ce-b831-4328-bc1b-9d7f98a27e78,risk.moe,available,62,29,4,,,
6df2b49c-2f0a-42df-b1e1-6e8e4d647801,risk.mom,premium,62,29,4,,,
2143194d-f7cf-4202-aabe-9520d70aaef8,risk.mortgage,premium,62,29,4,,,
1298ed3f-33ea-4a79-97cf-663d4fe1f46c,risk.motorcycles,available,62,29,4,,,
0db5716a-11c4-4227-83b3-6c2f1f5f40c0,risk.mov,premium,62,29,4,,,
10fe690a-d90b-4cea-90de-891ca343511c,risk.movie,available,62,29,4,,,
7857b738-429f-4927-b0e1-67ca6b83b4cc,risk.music,available,62,29,4,,,
64dba858-74f8-4dd2-867f-0b36a27ada66,risk.my,premium,62,29,4,,,
7331185d-aa20-4c14-a3c6-371dea9dc83e,risk.name,premium,62,29,4,,,
c63a577c-dea0-40c9-a180-f0f1ddbe1551,risk.navy,available,62,29,4,,,
54a385ac-8de8-469f-921a-5a73e408155c,risk.ngo,available,62,29,4,,,
e8a4aad7-e87e-4764-8d51-2b33b5b15cb7,risk.ong,available,62,29,4,,,
7278933a-67f2-4de8-8ac9-edf757d2009a,risk.onl,resell,62,29,4,Dynadot Inc,17/03/2025 17:10,17/03/2026 17:10
acbc81b2-f12d-451d-9f02-cde78dac5f2f,risk.online,premium,62,29,4,,,
c2a9db7f-af9b-44f0-938d-e2a255bd40e7,risk.organic,available,62,29,4,,,
4820b76e-93ed-4c45-b7be-28a1ce175aec,risk.osaka,available,62,29,4,,,
822eb9cb-8f7a-4781-a71b-2dd3d8337c9e,risk.partners,premium,62,29,4,,,
f92bd560-cba6-4b6f-8218-e6d62fb73011,risk.parts,available,62,29,4,,,
c5b368e6-6e4d-4f9e-a531-d3f2e8a625f5,risk.party,premium,62,29,4,,,
bdf7f676-2f33-4209-a185-67262b659ba2,risk.pet,available,62,29,4,,,
2e67bc88-6904-4fec-84b5-e2c09a3f6350,risk.phd,premium,62,29,4,,,
d13dc3fd-b5d7-4158-a179-02a5972a4884,risk.photo,premium,62,29,4,,,
540bac8c-cd11-446d-b357-b35544dca6a8,risk.photography,available,62,29,4,,,
2c0ca08d-5ffd-4d9a-8241-3a9502adf785,risk.photos,available,62,29,4,,,
12b7bfdd-81f2-452b-91a6-995e3a1f9afe,risk.pictures,available,62,29,4,,,
541f4b79-21c5-46e8-95e0-d8d5cf5881e5,risk.pink,available,62,29,4,,,
ab321e0d-7aa1-4228-a562-c122e1f31613,risk.pizza,available,62,29,4,,,
7111ac03-e330-4a8d-943b-e23a2494e324,risk.plumbing,available,62,29,4,,,
88cabb61-ad16-4540-ae7b-b69214121094,risk.poker,premium,62,29,4,,,
f797d4d2-f1e2-4516-abeb-a7ebe01a97c1,risk.porn,premium,62,29,4,,,
5a694b39-b669-4d2c-b2e6-e2f59a63d777,risk.press,premium,62,29,4,,,
f2f694a4-44cd-49b5-b348-754e793f246d,risk.pro,resell,62,29,4,Epik LLC,28/07/2018 10:14,28/07/2026 10:14
08d44e89-db8b-4092-8ce9-1f5d297fe4a5,risk.productions,available,62,29,4,,,
406c4648-9341-4383-9384-03ab72e3f4aa,risk.prof,premium,62,29,4,,,
fa4ac49e-ca95-4408-9997-0fa608e5fd97,risk.promo,available,62,29,4,,,
c0e260cb-eeb6-48d2-a436-5ba0c9ce5a0e,risk.property,premium,62,29,4,,,
11241cf2-0c64-4d32-bdc2-4af37f221c52,risk.protection,available,62,29,4,,,
2b83e31c-3a5d-42e9-a523-840090ada45e,risk.pw,resell,62,29,4,Dynadot LLC,15/05/2025 04:14,15/05/2026 23:59
e54801a1-a074-44e9-8e95-288854d0f00e,risk.quest,resell,62,29,4,"Porkbun, LLC",19/08/2021 09:02,19/08/2026 23:59
8fe6ab1a-6249-415c-a24b-f935909a4518,risk.racing,premium,62,29,4,,,
b5f18a5b-f65b-4944-98f0-04ee897b5200,risk.realty,available,62,29,4,,,
a61cc1e1-810a-4b8e-99f9-8aa6cad869d7,risk.recipes,available,62,29,4,,,
a7667ebb-e451-4ad0-8541-4c357739b667,risk.rehab,available,62,29,4,,,
9690428a-8330-4406-b9fe-57393948ad91,risk.reise,available,62,29,4,,,
dff6d3e5-e5bd-47f7-8566-84a67e1da59c,risk.reisen,available,62,29,4,,,
f69cd15d-de80-48ee-9bbc-d3ac78228c69,risk.rent,available,62,29,4,,,
e24b7761-6b54-46b9-8d45-f55ac6cc3267,risk.rentals,available,62,29,4,,,
99c8b1fe-f8f5-431a-b6c5-545de666f493,risk.repair,available,62,29,4,,,
1f788f59-bebe-41ab-a75f-af025712a35a,risk.report,premium,62,29,4,,,
9a5e4463-aa33-42a7-a4c2-8f085972baf6,risk.republican,available,62,29,4,,,
64e31068-99d5-48d1-9ecc-59f439c5e7f8,risk.restaurant,available,62,29,4,,,
869e47be-90ed-4740-80a1-17b63f85f433,risk.review,premium,62,29,4,,,
83219d85-0cc0-45fa-bc98-fc151094d91e,risk.rich,available,62,29,4,,,
d9ef7ca6-f6c1-4bb9-bda0-5047ff0d755a,risk.rocks,resell,62,29,4,"Sav.com, LLC",24/12/2024 03:14,24/12/2025 03:14
b819bf14-3543-40ec-a5cb-e21a43b662d6,risk.rodeo,available,62,29,4,,,
f926b3fa-5ce4-4cab-bfa1-f5f2967d93f5,risk.rsvp,premium,62,29,4,,,
66846934-28f4-487a-b0ab-1fd72800a8e6,risk.sale,available,62,29,4,,,
90d1c22a-a184-4d90-b414-1b9adcb00496,risk.salon,expiring,62,29,4,"Key-Systems, LLC",30/09/2020 04:29,30/09/2025 04:29
03182481-0292-405e-b99c-abc3d764d55e,risk.sarl,available,62,29,4,,,
e27deb88-be36-49ea-a981-f1b00ba0f953,risk.sbs,premium,62,29,4,,,
bcd234c8-52bd-4d82-8221-7ec32f6e0b0a,risk.schule,available,62,29,4,,,
08769ccb-bc22-4ddd-973a-31ac35137992,risk.security,available,62,29,4,,,
159358c9-8221-4e3c-b120-d016a8978397,risk.services,expiring,62,29,4,"Key-Systems, LLC",23/09/2015 14:33,23/09/2025 14:33
c73790c9-4372-434e-b0bd-4a2c336a261c,risk.sexy,premium,62,29,4,,,
a2ae3864-00ee-4694-97b2-65f051b85e9d,risk.shiksha,available,62,29,4,,,
507e5abc-4ce8-45fe-b19b-e81342baadab,risk.shoes,available,62,29,4,,,
7450e3b1-5b7d-443e-b30c-4b68b6825771,risk.shopping,available,62,29,4,,,
b20cec57-5390-4eec-b712-47d0ca8eeaf0,risk.show,available,62,29,4,,,
e2a11479-38d9-4fef-8cf6-1cde88be2bfd,risk.singles,available,62,29,4,,,
bd17f93d-4538-435f-b0aa-c71618ad1715,risk.site,premium,62,29,4,,,
71185a99-82eb-46c3-9edd-282964274b43,risk.skin,available,62,29,4,,,
af15e2d9-4c2c-4ed7-80db-a75c7d16e682,risk.soccer,available,62,29,4,,,
704a136d-903b-4ed2-a269-66ac08885a34,risk.software,premium,62,29,4,,,
2af08fef-d9da-408b-974f-574257dceab8,risk.solar,available,62,29,4,,,
702f3268-5bc1-40a0-a0fb-2d372cb8116a,risk.solutions,resell,62,29,4,Dynadot Inc,09/09/2016 08:00,09/09/2026 08:00
7390ea4d-f23d-41ee-b682-5dfdbfa578b8,risk.soy,premium,62,29,4,,,
54ed9639-2e7e-43e3-8c28-b558d5104d7a,risk.spot,premium,62,29,4,,,
b0994bb6-6450-43bd-a755-9af77d1f7c7d,risk.storage,available,62,29,4,,,
a206fde3-d04a-48ad-b713-84acd2f771d2,risk.store,premium,62,29,4,,,
76e6ae2b-7154-488b-a642-4011184073a4,risk.stream,premium,62,29,4,,,
e45a5710-183f-449d-bcc9-d928a35d8adb,risk.studio,resell,62,29,4,"Sav.com, LLC - 18",10/06/2024 15:15,10/06/2026 15:15
748573eb-cecd-4092-80d7-5b0ea2a0d776,risk.style,available,62,29,4,,,
eb7e21e2-8899-49c6-bd9c-ff549d0df621,risk.sucks,premium,62,29,4,,,
f62f9918-c37e-4443-ba0f-38d2ce88cd8f,risk.supplies,available,62,29,4,,,
74099bd2-48a3-4055-a9c9-038dc20dd743,risk.surf,premium,62,29,4,,,
ea52e42f-94aa-4523-8105-221f55863dca,risk.surgery,premium,62,29,4,,,
bc6f0e0b-6e34-4da4-aec3-16e1c0bf4426,risk.sydney,available,62,29,4,,,
610756ea-0cc1-458d-adf2-ea75047524e5,risk.tattoo,available,62,29,4,,,
de9ea4c0-93cc-4570-a0d8-67caa186ba14,risk.taxi,available,62,29,4,,,
89fb6446-5527-4db8-a5fd-1c502465585e,risk.team,resell,62,29,4,"Chengdu West Dimension Digital Technology Co., Ltd.",01/01/2024 15:16,01/01/2026 15:16
9967886c-0b80-429d-a7dc-5a2d6126bf18,risk.tech,premium,62,29,4,,,
7dbdc7a7-fff0-4d92-865a-6dc068b0e582,risk.technology,premium,62,29,4,,,
63c648b0-60f0-48f1-a4fe-ed8fc4ac2606,risk.tel,premium,62,29,4,,,
00934c4a-a01e-4e25-88dc-ef1e6d4403eb,risk.tennis,available,62,29,4,,,
371b7688-3877-4f28-abc8-76a8c936dae1,risk.theater,available,62,29,4,,,
156798f4-62ae-46d6-b5fb-dbec24f7a6ed,risk.theatre,available,62,29,4,,,
de537f13-0465-4f12-b8a3-3580d4d5d4b0,risk.tickets,available,62,29,4,,,
e54c50b8-d40a-4448-a9e7-ea4c665e848f,risk.tienda,available,62,29,4,,,
e5eb8e65-9591-453a-92a5-20cad4e9c7ee,risk.tips,resell,62,29,4,"GoDaddy.com, LLC",07/07/2024 04:20,07/07/2026 04:20
faaee9c1-8679-42e2-b963-b2a8098ed674,risk.tires,available,62,29,4,,,
135e8596-37da-4382-961e-bcc5a0d16440,risk.tours,available,62,29,4,,,
f92e9557-dc02-4968-96ff-5c423f596d1c,risk.town,available,62,29,4,,,
19edd612-370a-457b-99f6-69b41a9b823a,risk.toys,available,62,29,4,,,
72d770af-1668-4de6-bf39-063ed9502dd2,risk.trade,resell,62,29,4,"NameCheap, Inc.",27/03/2018 19:22,27/03/2026 19:22
71717d61-e387-40df-a638-e8e030375630,risk.tube,premium,62,29,4,,,
e08a8de6-e263-4ae5-ad90-6bbacf1351ed,risk.tv,resell,62,29,4,1API GmbH,18/03/2010 17:05,18/03/2026 17:05
2ae5a4e3-c43e-43d8-a45c-f763494e0ca4,risk.university,available,62,29,4,,,
94de5ff0-d8d7-4cf0-9f5e-06f21deea9fc,risk.uno,premium,62,29,4,,,
a79117b4-cfe3-4080-a81c-b79938e60a5c,risk.vacations,available,62,29,4,,,
5c2598f7-7596-4efa-8443-d21692b44733,risk.vana,available,62,29,4,,,
d596240a-c131-40f7-b103-9f6dbcaff445,risk.vegas,available,62,29,4,,,
4484e7cc-8377-48e7-a9b2-86bd2b49fd8c,risk.vet,available,62,29,4,,,
b8e9b87c-dea6-4ea3-9b09-b6f788176213,risk.viajes,available,62,29,4,,,
119e94bf-caca-40b8-b743-6c317dd1ba25,risk.video,premium,62,29,4,,,
bc87cdd7-1bd9-4249-ab3c-a474060152bc,risk.villas,available,62,29,4,,,
e2bf4ad4-5c1f-4da8-af97-c5ca9b6a86ed,risk.vin,available,62,29,4,,,
9b4cb809-2766-41a5-b1e4-d91d49c774d0,risk.vodka,premium,62,29,4,,,
378543bc-d2cc-476b-9de6-2a839b0cf6ea,risk.vote,available,62,29,4,,,
9fc79e8e-dc9e-45d9-b42a-297b45a7c2cd,risk.voting,available,62,29,4,,,
8f1ff7fe-02a0-469c-939b-e05819cdf4b7,risk.voto,available,62,29,4,,,
200d8d0b-3759-4294-ae54-1195e2b4ad6a,risk.voyage,available,62,29,4,,,
ad38e1bb-1bf6-4ad8-89b1-4c4c95911c59,risk.watch,resell,62,29,4,"NameCheap, Inc.",07/05/2014 16:19,07/05/2026 16:19
33a0061e-7d3d-4343-9d93-e9080ab70739,risk.webcam,premium,62,29,4,,,
bd7ffc25-a5d8-4eb4-be34-d86e3df2f7dd,risk.website,premium,62,29,4,,,
2ae38c94-2972-45cb-ab4d-ed3008cf6523,risk.wedding,available,62,29,4,,,
89a519f3-28ef-4496-b303-c0001e77cb84,risk.works,expiring,62,29,4,"GoDaddy.com, LLC",21/09/2017 04:13,21/09/2025 04:13
9e6e1c5d-0621-4d74-ba7b-68a0b5ad0325,risk.world,resell,62,29,4,"Xiamen ChinaSource Internet Service Co., Ltd",08/01/2019 09:14,08/01/2026 09:14
b8b3de82-80f0-4136-8d4a-7513d6d13bac,risk.yachts,available,62,29,4,,,
fbbacb8c-2ab0-40a7-8033-6ce7f994ad33,risk.yoga,available,62,29,4,,,
f989ab9b-8a23-48f6-bc15-ccdf316dfd1f,risk.zone,resell,62,29,4,"DNSPod, Inc.",05/08/2018 15:55,05/08/2026 15:55
2ac4fbfa-a24b-430f-9934-52063ff97d2e,petinsurance.ai,expired,,84,13,auction_ai,14/05/2019 02:45,14/05/2025 02:45
8b973e22-f770-4737-9683-24f8be7613db,petinsurance.app,expiring,,84,13,1API GmbH,24/07/2021 11:32,24/07/2025 11:32
5ee28c40-b12d-43b7-8b91-485d66c4c2d2,petinsurance.at,available,,84,13,,,
04698266-4020-4bf6-9e70-c5c725b1cabf,petinsurance.dev,available,,84,13,,,
c3c3ad2c-cecb-446a-82e8-020c8dae6d97,petinsurance.gg,available,,84,13,,,
197fe642-1fe3-4e0f-b61c-bee48ef43122,petinsurance.it,resell,,84,13,,13/12/2018 09:00,13/12/2025 00:00
d678a145-a3c1-4a92-b415-0517c080f47f,petinsurance.online,resell,,84,13,"Go Daddy, LLC",29/01/2025 01:42,29/01/2026 23:59
c646bd77-14b1-4b74-a997-dc45982633d0,petinsurance.pro,resell,,84,13,"Sav.com, LLC - 24",01/09/2022 17:00,01/09/2025 17:00
aa46d288-e379-464e-8520-b0ed1b277d10,petinsurance.so,expired,,84,13,,,
398da4dd-adce-4516-8fb0-21d39d87115b,petinsurance.space,premium,,84,13,,,
b0791274-a3e7-4b4d-b3fe-64dd5ddcc68c,petinsurance.zone,available,,84,13,,,
e5a4dbc4-f370-49a6-b260-eed3e5c3ed48,protection.ac,premium,71,16,10,,,
27dd1003-52e3-46a0-bdd8-feb4eb6ba4d8,protection.accountant,premium,71,16,10,,,
1b6eb328-19c2-42ad-94d6-0abda6c25220,protection.accountants,available,71,16,10,,,
c33339c3-aa9a-4d15-9dc6-11a7575775c4,protection.actor,available,71,16,10,,,
57e42cec-c4e2-44f6-a662-e58f43270841,protection.adult,available,71,16,10,,,
1f541e32-0cbb-43a0-8ef1-14a02ef574db,protection.agency,expired,71,16,10,"Name.com, Inc.",30/06/2023 21:04,30/06/2025 21:04
5dcbca2f-e562-468c-9179-85ee52c72ee1,protection.airforce,available,71,16,10,,,
237bcef7-a43a-46f1-b0a0-1934c1bea500,protection.apartments,available,71,16,10,,,
b5971592-be11-4cd7-8cd1-aabbe596565e,protection.app,sold,71,16,10,"CloudFlare, Inc.",02/08/2025 20:26,02/08/2026 20:26
198c19d3-856f-4643-aafe-6be5fabe9d81,protection.archi,available,71,16,10,,,
9b16dd5e-16b6-47bc-ba15-dbc3860d84ac,protection.art,premium,71,16,10,,,
716be3a7-0532-4db5-ba33-4f314b53b3c9,protection.associates,available,71,16,10,,,
740565e5-72be-4fc4-9545-eb4d088b6c01,protection.attorney,premium,71,16,10,,,
bc622479-dcaf-4378-afe6-f8e3297579d5,protection.auction,available,71,16,10,,,
8129b287-3662-4bab-8113-a6b94b34e93d,protection.audio,available,71,16,10,,,
aee04bed-5a98-4f49-9fac-0bafd3b8e0db,protection.auto,available,71,16,10,,,
da96df41-fea7-4440-a5dd-95a06e9dd265,protection.baby,available,71,16,10,,,
0e497af4-4c4c-45a0-a9b1-75a9d6894bde,protection.band,available,71,16,10,,,
145808cf-d9ab-4510-a490-7b1cb56c0174,protection.bar,premium,71,16,10,,,
cabe5d76-3408-4671-ba49-b8019ff5c542,protection.bargains,premium,71,16,10,,,
b9b0d37f-accf-4026-8de9-75a1ac10a1f9,protection.bayern,available,71,16,10,,,
225f3b7e-929e-464e-a16c-aa4627c89ac3,protection.beer,available,71,16,10,,,
22dd70cc-73b1-4faa-a695-47f927ab3c94,protection.berlin,available,71,16,10,,,
a62ca129-e3b5-40d7-bce4-d716a1d3017c,protection.bet,available,71,16,10,,,
375a05c1-b539-44bb-8d4e-8d3a9c8f1740,protection.bid,premium,71,16,10,,,
5dddf4b7-854c-47b3-bd9a-d7f22f50c7a7,protection.bingo,available,71,16,10,,,
8c2c48bf-673e-45d3-9899-47207fc87195,protection.biz,resell,71,16,10,"GoDaddy.com, LLC",19/05/2002 16:22,18/05/2026 23:59
567b1076-0833-4b7a-9f5c-58605b011d8d,protection.black,premium,71,16,10,,,
b57f70c8-eaae-4cbe-8af5-3c8c2e6b9845,protection.blackfriday,available,71,16,10,,,
090ed9a9-d759-41e2-bfb0-d2723d372035,protection.blog,premium,71,16,10,,,
1d251605-0090-4da0-b4f9-95bea91bf701,protection.blue,available,71,16,10,,,
0d4b071e-b798-4039-b683-24517cf0621f,protection.boats,available,71,16,10,,,
64735d6f-1e66-4f51-9ddb-6652f7ac47e3,protection.bond,premium,71,16,10,,,
88440f09-2d28-490a-ab4c-be0861100192,protection.boo,premium,71,16,10,,,
771eb55e-64f3-4061-a350-ba287fc9b35a,protection.boston,premium,71,16,10,,,
bde34db7-dea0-41c6-a609-55a53de95762,protection.boutique,available,71,16,10,,,
5cfbd8ac-8bee-4880-9874-60e703a57388,protection.build,premium,71,16,10,,,
7d952b82-0e22-407b-a52d-41ab4f29ea6d,protection.builders,available,71,16,10,,,
6598c560-377c-4132-bbef-26ea1c852dac,protection.business,premium,71,16,10,,,
3f836e30-572e-43b2-9cfd-4d356a257ead,protection.buzz,premium,71,16,10,,,
ac7755b6-eb4a-4fc4-801b-87d9fe1310e3,protection.cab,available,71,16,10,,,
8955ce17-78b4-42d8-b6ff-cf385d2e467a,protection.cafe,available,71,16,10,,,
847df1dc-5723-4a05-ba17-df530aeb0e0d,protection.cam,resell,71,16,10,Realtime Register B.V.,22/03/2020 17:22,22/03/2026 23:59
371e0c3d-b989-4597-8da1-899d11a2ca51,protection.camera,available,71,16,10,,,
840fcd4b-9c7f-404d-afae-beeabb1e201d,protection.camp,available,71,16,10,,,
00108b64-26b9-4775-83bd-0ed24f29a330,protection.capital,premium,71,16,10,,,
9a579d5d-766c-418e-a98d-c76e0dc76954,protection.car,available,71,16,10,,,
c818853d-57fc-4e7e-bff2-efbdcc2d6729,protection.cards,premium,71,16,10,,,
1dba79c9-ccab-4e1e-85a5-654973a6a387,protection.care,premium,71,16,10,,,
f62c285d-fab9-4459-a245-d1298425bb22,protection.careers,available,71,16,10,,,
dbf69d40-7a37-4d09-a4ca-2d0c61f6fdd4,protection.cars,available,71,16,10,,,
12d5f583-393e-4375-adec-2f8643a2237d,protection.casa,available,71,16,10,,,
2aee7e9a-41ca-4051-befb-354b5ccb8116,protection.cash,premium,71,16,10,,,
1903a08f-934c-42b8-b89a-663455e02321,protection.casino,available,71,16,10,,,
666aed2b-9596-495a-bfe0-1b4f95dc751f,protection.catering,premium,71,16,10,,,
09e4ac07-6ada-4532-af4d-64b3f2b17704,protection.cc,expiring,71,16,10,"GoDaddy.com, LLC",11/09/2005 14:42,11/09/2025 14:42
0709fc4a-1bc0-433b-b101-a778a596c3e0,protection.ceo,available,71,16,10,,,
118cb815-49ba-46f2-8b48-810a49dd721b,protection.cfd,premium,71,16,10,,,
def8b4f0-07d6-40fb-bb85-97e012e91e4c,protection.charity,available,71,16,10,,,
e78ec859-68f2-45e4-a6e1-9148190e0797,protection.cheap,premium,71,16,10,,,
a93c29d4-139a-499d-a9ef-dc3155cf2ff8,protection.christmas,available,71,16,10,,,
d7611543-6277-4f1a-ac28-e64a2f55a254,protection.church,available,71,16,10,,,
df197278-369f-4c18-befd-9f8ed927b935,protection.city,resell,71,16,10,"DNSPod, Inc.",16/02/2019 10:34,16/02/2026 10:34
d5c41a28-88ea-4e5d-a26a-c7b8cd11deeb,protection.cleaning,available,71,16,10,,,
06442ac4-e5e0-4360-a52b-ce4dcd322d84,protection.clinic,premium,71,16,10,,,
a63861b9-c609-4d63-8bea-3da68b1f48f0,protection.clothing,available,71,16,10,,,
38e12cf4-c987-4c01-99f0-2d9625cc3fbd,protection.cloud,premium,71,16,10,,,
f372a63d-f3a8-4431-b77a-630384824299,protection.club,premium,71,16,10,,,
249ad1c8-bee7-4fa0-b284-fd562ddcdf40,protection.co,resell,71,16,10,Dynadot Inc,30/10/2016 17:50,29/10/2026 23:59
6c3145a9-e1cb-419f-ba11-dbc445f073f6,protection.coach,available,71,16,10,,,
b048d5b9-cd2c-4ca8-bd6e-d3811b69cabd,protection.codes,available,71,16,10,,,
e5c9c2a2-7196-4e42-b99b-24ff5e97aad4,protection.coffee,available,71,16,10,,,
ba2f1f8c-a7ea-42c9-b8a8-a456830bf18f,protection.college,premium,71,16,10,,,
cc7c4912-8eb8-4645-ac2b-ec96b589f66a,protection.community,available,71,16,10,,,
fc68d3c3-0a31-4e28-812a-91398c4b2f79,protection.computer,premium,71,16,10,,,
3e607769-d987-4143-9fe4-9bb20c3f9609,protection.condos,available,71,16,10,,,
8702c7ee-bfed-4541-be0d-83d7dcd851ec,protection.construction,available,71,16,10,,,
fe69a3e5-c79f-4eae-8f2b-4293030facb7,protection.contact,available,71,16,10,,,
f1aba1ec-b49f-46fb-9b8f-794a7bc69c3c,protection.contractors,premium,71,16,10,,,
7a8705c9-e31e-41ea-a446-577187e4d442,protection.cooking,available,71,16,10,,,
2ee050fb-4789-443a-959b-129aac5ef04e,protection.cool,premium,71,16,10,,,
37f33b50-2a26-4417-9db7-18ae160a3834,protection.country,available,71,16,10,,,
b3ba90b3-20e0-4472-a89f-513c3fe404ad,protection.coupons,available,71,16,10,,,
1e37e921-1e5e-48f4-968c-952691173c0c,protection.courses,available,71,16,10,,,
c487e448-3d25-463b-8684-41b2700790af,protection.credit,premium,71,16,10,,,
12cbcfda-8d15-42cf-99e0-866babf0a953,protection.creditcard,premium,71,16,10,,,
2913fa99-28c6-4872-9ef3-1c2fdcdeafdf,protection.cricket,premium,71,16,10,,,
276f607b-1b5b-4184-a331-047736790307,protection.cruises,available,71,16,10,,,
d2e44294-0b42-4518-bc62-3df55124e803,protection.cv,premium,71,16,10,,,
5da6fabc-1c59-4cdf-afc0-10f492025c07,protection.cyou,premium,71,16,10,,,
1b108cc5-e76d-4264-bc5f-139b1bba9349,protection.dad,premium,71,16,10,,,
4c0d5cb2-4651-43e4-964d-f5a308b2c36f,protection.dance,available,71,16,10,,,
1493193e-81f7-4d1f-acc3-d7580ece174c,protection.date,premium,71,16,10,,,
9e9c859c-1944-416f-b67e-727b8d2295dc,protection.dating,available,71,16,10,,,
c47da185-67c3-411c-99aa-51392f24352e,protection.day,premium,71,16,10,,,
74b81f8d-6539-480d-a58e-bc878ee2ba82,protection.dealer,premium,71,16,10,,,
cd4cf555-5d68-46a7-91ae-27c99e58a77e,protection.deals,available,71,16,10,,,
a1fb8fb3-eb89-4ba1-9028-df5de9c18e80,protection.degree,available,71,16,10,,,
bb43c323-5226-4650-81a6-9a9f81e82871,protection.delivery,available,71,16,10,,,
9e0ced75-113a-4cfc-9de3-80d3e115f1bc,protection.democrat,available,71,16,10,,,
86f35b7d-9be3-47d3-b210-d1c8a835b321,protection.dental,available,71,16,10,,,
d3869314-b7bc-44de-b9df-114dcf2f4f2b,protection.dentist,available,71,16,10,,,
45270d92-5743-47eb-8e9f-eb6560d7e17d,protection.design,premium,71,16,10,,,
4d326b3c-dd8b-4871-90ce-821b4be9d521,protection.dev,premium,71,16,10,,,
26e3a547-5e2b-48c0-aeeb-846cd43d0a67,protection.diamonds,available,71,16,10,,,
ea598600-abd6-479d-a37b-fe2c6f904a1c,protection.diet,available,71,16,10,,,
575a80a4-bae8-4b30-8f02-aff4a1a40c9b,protection.digital,premium,71,16,10,,,
905a91ec-ff91-4570-a12f-3608cee61f99,protection.directory,premium,71,16,10,,,
4ad61a5f-53a5-470d-984c-568ed608d3ee,protection.discount,premium,71,16,10,,,
22176c4d-0dc1-4ce4-b4a3-023e1cb2a840,protection.doctor,available,71,16,10,,,
b4198b1d-3725-4975-a2c5-62cf8953d28f,protection.dog,premium,71,16,10,,,
1f610467-49ed-4ad0-9cce-f1cb9771b445,protection.domains,premium,71,16,10,,,
c2a1ea7a-df2c-42c5-8200-ae839f35b400,protection.download,premium,71,16,10,,,
bda7a35f-f3a0-4d60-8cfd-49a2cad3d209,protection.education,available,71,16,10,,,
e88739cf-30f9-4b3e-8de9-bfd1cc005b1c,protection.email,premium,71,16,10,,,
e117649a-d5ab-4ed0-95e1-4cf411283dc5,protection.energy,available,71,16,10,,,
0b9eec6e-b93a-4b83-88f9-864f82f1f7b2,protection.engineer,available,71,16,10,,,
33329161-e3bb-4237-a96a-5a341079e509,protection.engineering,premium,71,16,10,,,
9dd53641-16bd-471a-a6a2-ab7ee509078f,protection.enterprises,available,71,16,10,,,
d932c558-cb09-4dfd-b6aa-1064e760aae7,protection.equipment,premium,71,16,10,,,
5f2d9529-846e-4d33-969b-73291ef93ed7,protection.esq,premium,71,16,10,,,
d0e310b1-38e1-4126-86ae-851b0c3bc55e,protection.events,premium,71,16,10,,,
97e8e8f1-8207-4065-8001-956fca69e58c,protection.exchange,premium,71,16,10,,,
c70f20d2-c1ff-4c0c-bfeb-068d341419d2,protection.expert,premium,71,16,10,,,
2cae8efb-d5ad-4dcf-aff8-99dda5c26573,protection.exposed,premium,71,16,10,,,
f0f16f52-c6f8-42e7-a3e1-ee9abaae11d8,protection.express,available,71,16,10,,,
700c8e60-d2a3-4a6a-aac6-9ccbe0d4f016,protection.fail,premium,71,16,10,,,
55bca3ff-6fcd-4e7e-8cd3-5a18e71646e6,protection.faith,available,71,16,10,,,
9bab8dc0-e7f5-4d3b-b9c6-347ff8808437,protection.family,premium,71,16,10,,,
bcda57a7-603e-4665-ad0e-b856a0499156,protection.fan,available,71,16,10,,,
d07e5ffb-b330-4be5-8a14-4cdf097ba39b,protection.fans,premium,71,16,10,,,
2b1e7cda-681b-4308-a0bf-8648df34333a,protection.farm,available,71,16,10,,,
f830b9a5-1b9b-4227-8811-88e1e91785ac,protection.fashion,available,71,16,10,,,
f3d553a8-dd04-4f55-b8b5-420389c553f8,protection.film,available,71,16,10,,,
4cce6b22-c6eb-4086-9972-72814d21ae5c,protection.finance,resell,71,16,10,Dynadot Inc,20/07/2025 17:00,20/07/2026 17:00
8ec5994f-f7d1-4ace-9aa8-fc0fed62fc27,protection.fish,premium,71,16,10,,,
08d8a139-306e-4158-87c1-143d9824d481,protection.fishing,premium,71,16,10,,,
3c3dd6f6-8b47-4f40-a2ff-65efe0ed2830,protection.fit,premium,71,16,10,,,
eadb80e7-88f3-48fb-b100-baf1873f2cb7,protection.fitness,premium,71,16,10,,,
d45f71fa-71ce-48df-83ba-1dfa3e3afe99,protection.flights,available,71,16,10,,,
0f9a9dbc-ff5c-448b-984f-59a0518714fa,protection.florist,available,71,16,10,,,
69c24936-669b-427a-b7e3-b7204f20e50e,protection.flowers,available,71,16,10,,,
642b7d0b-9f54-4b61-b194-bb229b0753cd,protection.foo,premium,71,16,10,,,
69915ef5-b40f-48a1-9c0b-c8b652d9345c,protection.food,available,71,16,10,,,
14af1d5b-e3b5-4b0f-b929-ba458cf0f373,protection.football,available,71,16,10,,,
b05cc3a4-fb6b-431c-81ee-6495f338252f,protection.forsale,available,71,16,10,,,
6fbb82ce-6035-41e7-a955-ccb50425539c,protection.forum,available,71,16,10,,,
420aa1b9-0dc0-4f01-a70a-c47e2ef2ec24,protection.foundation,premium,71,16,10,,,
ad8df669-630d-4f86-994b-8b560edbb4fc,protection.fun,premium,71,16,10,,,
ab4c177a-2715-480e-9536-f04d09683a52,protection.fund,premium,71,16,10,,,
cbb9981e-414d-4d19-afd9-605b46b7b4fd,protection.furniture,available,71,16,10,,,
27011c91-6246-47fb-be87-1ebbac83efbf,protection.futbol,available,71,16,10,,,
5d0377fa-2265-4c0e-b79f-5280aa8f9bad,protection.fyi,premium,71,16,10,,,
45e8e8cd-9bf3-475f-95a5-e5e39d293752,protection.gallery,premium,71,16,10,,,
11838ead-37f1-45fc-a495-bb890986f7ef,protection.game,available,71,16,10,,,
bd6c0548-3d54-403a-b635-d5aa7a3ef8e5,protection.garden,available,71,16,10,,,
514c9549-b9f8-4978-8d21-7defa415623d,protection.gay,premium,71,16,10,,,
9ba388c0-0993-4eb0-be9b-133f09ad52a9,protection.gg,available,71,16,10,,,
29ec60fd-7ff3-49d5-98f4-b71a8bc1feec,protection.gift,available,71,16,10,,,
8e54cd41-3dc2-4260-89ba-8b28184259ce,protection.gifts,premium,71,16,10,,,
e2073822-139c-43a3-b117-bc2858b34f37,protection.gives,available,71,16,10,,,
198f9e12-a131-4e9f-b9e5-73dea7a6ca3b,protection.glass,premium,71,16,10,,,
4db66d80-e594-4ded-914c-1479d633d18c,protection.global,premium,71,16,10,,,
c8f861c6-2a91-462e-9a6d-1efa526cee82,protection.gmbh,available,71,16,10,,,
dbeb79d2-b9f2-4de9-949b-dae8dbf8dcbd,protection.gold,available,71,16,10,,,
70f16e5d-9ae0-411f-b91b-aa9b86819c8b,protection.golf,available,71,16,10,,,
51ba4b45-256b-4757-b568-cc7286ea0ba1,protection.graphics,available,71,16,10,,,
873f667a-5212-4dca-a9d6-9d00b7337b79,protection.gratis,available,71,16,10,,,
d2756ed2-a8d7-43f3-a4a8-93d311725015,protection.green,available,71,16,10,,,
a8cac79a-89d5-44c2-8b7b-0d3c4b1182ff,protection.gripe,available,71,16,10,,,
b3f1e873-4b90-465f-8f8e-bfd33dd69ef0,protection.guitars,available,71,16,10,,,
64e94478-2579-4e7d-a3f2-894778c69ac8,protection.guru,expired,71,16,10,"Sav.com, LLC - 30",11/07/2024 17:00,11/07/2025 17:00
070888cc-dbf0-4a90-8e09-4aa89800b621,protection.hair,available,71,16,10,,,
d1c9d367-52cf-4bb1-bb19-cbec13d398d0,protection.haus,available,71,16,10,,,
0c4165e9-9aa9-4f6c-8088-1880f5f98ca3,protection.health,premium,71,16,10,,,
e81a2d19-6ce8-4308-a689-08ff2b21ab91,protection.healthcare,available,71,16,10,,,
f8b20847-2ab2-4a4f-a66e-2e5709d21572,protection.hiphop,premium,71,16,10,,,
0982fa35-8951-4473-b3a1-067c01b45ed2,protection.hiv,premium,71,16,10,,,
e8f61239-d563-42b3-b4cc-a92633e61288,protection.hockey,available,71,16,10,,,
65036c85-ea2b-4747-aad2-3d5051144b10,protection.holdings,available,71,16,10,,,
a985efaa-7cc0-47f8-8be7-6c82931df781,protection.holiday,available,71,16,10,,,
ac12398b-c0e1-4346-aaa5-539da6375724,protection.homes,resell,71,16,10,"Spaceship, Inc.",07/03/2025 14:33,07/03/2026 23:59
19fd8e11-54c4-46c5-92e0-a587b3b25f94,protection.horse,available,71,16,10,,,
d438290f-dfef-4f36-bc80-75802276007e,protection.hospital,available,71,16,10,,,
66714c33-48fe-45e1-9481-1f4b15c1279b,protection.host,premium,71,16,10,,,
b25f856c-69b6-4324-b8a6-23d35ebd01a3,protection.hosting,available,71,16,10,,,
68cc947c-eb22-4db2-9f4a-b51dfdf53679,protection.hot,premium,71,16,10,,,
049ee292-2b5c-417a-bdfa-fd340a57eab1,protection.house,premium,71,16,10,,,
92a1f1d3-95af-4fc4-b20c-bec660203832,protection.how,premium,71,16,10,,,
c3a1983c-bc9b-403b-80bc-05f6b4f88ad9,protection.im,premium,71,16,10,,,
1c54af90-898b-4f09-8ada-b2c183444227,protection.immo,available,71,16,10,,,
e9900c3f-e740-48fc-ba8f-fab8137c2ebc,protection.immobilien,available,71,16,10,,,
bfee5ceb-480a-44ae-9eb4-62d79e11954d,protection.in,resell,71,16,10,"Spaceship, Inc.",22/03/2006 20:10,22/03/2026 20:10
70cbca7f-5e9a-4877-9f7b-3f2b0b0f91e0,protection.inc,premium,71,16,10,,,
075b4413-9492-45a4-99e4-8c86e5a80be0,protection.industries,premium,71,16,10,,,
13f75164-02f1-4d2d-b0c6-8297dc96acdf,protection.info,resell,71,16,10,Dynadot Inc,15/08/2001 00:54,15/08/2026 00:54
9b1a5bb1-a8c8-464f-8e0a-8b21da6e7158,protection.ing,premium,71,16,10,,,
bb12e499-22c6-44e9-9ec8-7d4073dd4280,protection.ink,resell,71,16,10,"Spaceship, Inc.",29/05/2025 15:30,29/05/2026 15:30
8236e88e-22c1-4f17-9feb-bd45abdb384b,protection.institute,available,71,16,10,,,
4579fc12-a3f2-47d2-b8e9-02b641d30baa,protection.insure,premium,71,16,10,,,
6e3244b9-faf0-4798-b88e-33259ca3c8e7,protection.investments,resell,71,16,10,"Sav.com, LLC",13/10/2024 00:29,13/10/2025 00:29
73d0317c-fdb4-479a-aa23-b21b866861bf,protection.io,resell,71,16,10,Dynadot Inc,31/10/2013 20:09,31/10/2025 20:09
9b47d6f5-7c61-47a5-b31c-3d9d3af9a31e,protection.irish,available,71,16,10,,,
058e0519-e121-48b3-b167-8c26eb726d47,protection.jetzt,available,71,16,10,,,
00b8cab1-91c0-4ae6-902d-c0d0cce37b57,protection.jewelry,available,71,16,10,,,
bc0a4ab4-d3d8-4585-8456-840b6e04bfb9,protection.juegos,available,71,16,10,,,
5b7a74df-21a4-4c0a-88d1-f8e9af7a35a9,protection.kaufen,available,71,16,10,,,
77808ed3-cf8d-46c3-89a4-46fc3b97d3e7,protection.kids,premium,71,16,10,,,
1ef458b2-8bfb-4be2-a745-aa195e97db1b,protection.kim,available,71,16,10,,,
ebe81ff3-625d-4830-aa69-63b77ddb66e6,protection.kitchen,available,71,16,10,,,
3f92b1b6-2b71-43b8-b21b-3917212ea38e,protection.la,resell,71,16,10,VIPDomains.LA  Founders Program,04/03/2015 13:59,04/03/2026 23:59
509fa587-a68d-4ef6-9d68-b6f1ec830917,protection.lawyer,premium,71,16,10,,,
7fd94f89-7b86-4a6a-a773-7fa0d562e2fe,protection.lease,premium,71,16,10,,,
3de4dd13-7c00-483e-bf6c-cdc0521d09ae,protection.legal,available,71,16,10,,,
6f08d0d8-abe8-4d14-bc51-eb7176f206dd,protection.lgbt,premium,71,16,10,,,
ec8dfeae-dba7-41fc-b629-f1f31f985cf7,protection.life,resell,71,16,10,"DNSPod, Inc.",19/05/2019 23:46,19/05/2026 23:46